not_included,,nt,,effective Mg2+ num,,,Mg2+ num,,,,,,,,,,,,,,,,,,,,,
469d,1,22,0,1,52,0,1,0,0,0,0,0,0,0,0,0,0,0,0,0,0,0,0,0,0,0,0,
310d,1,10,0,2,94,0,2,0,0,0,0,0,0,0,0,0,0,0,0,0,0,0,0,0,0,0,0,
2h0s,1,144,0,5,545,0,5,0,0,0,0,0,0,0,0,0,0,0,0,0,0,0,0,0,0,0,0,
5dar,1,148,681,8,1097,0,8,0,5,0,0,0,0,0,0,0,0,0,0,0,0,0,0,0,0,0,0,
2uub,1,1525,2396,163,24180,656,218,0,35,0,2,0,0,0,0,0,0,0,0,0,0,0,0,0,0,0,0,
5v2h,1,24,0,1,109,0,1,0,0,0,0,0,0,0,0,1,0,0,0,0,0,0,0,0,0,0,0,
3p4a,1,48,0,2,80,0,2,0,0,0,0,9,0,0,0,0,0,0,0,0,0,0,0,0,0,0,0,
1i7j,1,10,0,5,376,0,5,0,0,0,0,0,0,0,0,0,0,0,0,0,0,0,0,0,0,0,0,
1yjw,1,2866,3782,68,13651,464,117,86,2,0,0,0,5,0,0,0,0,0,0,0,0,0,0,0,0,0,0,
5ddq,1,120,189,3,274,0,3,12,0,5,0,0,0,0,0,0,0,0,0,0,0,0,0,0,0,0,0,
2vqf,1,1521,2396,158,23513,603,214,0,73,0,2,0,0,0,0,0,0,0,0,0,0,0,0,0,0,0,0,
1vql,1,2869,3776,50,10616,417,94,75,2,0,0,114,5,0,0,0,0,0,0,0,0,0,0,0,0,0,0,
470d,1,22,0,2,114,0,2,0,0,0,0,0,0,0,0,0,0,0,0,0,0,0,0,0,0,0,0,
2vqe,1,1520,2397,158,23006,493,206,0,62,0,2,0,0,0,0,0,0,0,0,0,0,0,0,0,0,0,0,
471d,1,22,0,2,100,0,2,0,0,0,0,0,0,0,0,0,0,0,0,0,0,0,0,0,0,0,0,
3cr1,1,59,0,1,118,0,1,0,0,0,0,0,0,0,0,0,0,0,0,0,0,0,0,0,0,0,0,
4q9q,1,83,440,1,131,0,1,0,1,0,0,0,0,0,0,0,0,0,0,0,0,0,0,0,0,0,0,
1vqm,1,2869,3776,51,10622,408,94,75,2,0,0,114,5,0,0,0,0,0,0,0,0,0,0,0,0,0,0,
2uua,1,1527,2396,123,18882,576,170,0,22,0,2,0,0,0,0,0,0,0,0,0,0,0,0,0,0,0,0,
2h0z,1,143,0,8,939,0,8,0,0,0,0,0,0,0,0,0,0,0,0,0,0,0,0,0,0,0,0,
468d,1,22,0,1,49,0,1,0,0,0,0,0,0,0,0,0,0,0,0,0,0,0,0,0,0,0,0,
{'NR_all_02656.1'},,,,,,,,,,,,,,,,,,,,,,,,,,,,
4p5j,1,84,0,2,288,0,2,0,0,0,0,0,0,0,12,0,0,0,0,0,0,0,0,0,0,0,0,4P5J|1|A
{'NR_all_35133.2'},,,,,,,,,,,,,,,,,,,,,,,,,,,,
2ho7,1,143,0,4,510,0,4,0,0,0,0,0,0,0,0,0,0,0,0,0,0,0,0,0,0,0,0,2HO7|1|B
2ho6,1,142,0,3,375,0,3,0,0,0,0,0,0,0,0,0,0,0,0,0,0,0,0,0,0,0,0,2HO6|1|B
2gcv,1,142,0,4,504,0,4,0,0,0,0,0,0,0,0,0,0,0,0,0,0,0,0,0,0,0,0,2GCV|1|B
2z75,1,143,0,9,1060,0,9,0,0,0,0,0,0,0,0,0,0,0,0,0,0,0,0,0,0,0,0,2Z75|1|B
3b4b,1,143,0,3,365,0,3,0,0,0,0,0,0,0,0,0,0,0,0,0,0,0,0,0,0,0,0,3B4B|1|B
2h0x,1,143,0,6,712,0,6,0,0,0,0,0,0,0,0,0,0,0,0,0,0,0,0,0,0,0,0,2H0X|1|B
2h0w,1,142,0,4,504,0,4,0,0,0,0,0,0,0,0,0,0,0,0,0,0,0,0,0,0,0,0,2H0W|1|B
3b4a,1,143,0,6,556,0,6,0,0,0,0,0,0,0,0,0,0,0,0,0,0,0,0,0,0,0,0,3B4A|1|B
2gcs,1,143,0,6,710,0,6,0,0,0,0,0,0,0,0,0,0,0,0,0,0,0,0,0,0,0,0,2GCS|1|B
3b4c,1,141,0,4,469,0,4,0,0,0,0,0,0,0,0,0,0,0,0,0,0,0,0,0,0,0,0,3B4C|1|B
2z74,1,143,0,8,908,0,8,0,0,0,0,0,0,0,0,0,0,0,0,0,0,0,0,0,0,0,0,2Z74|1|B
{'NR_all_67355.1'},,,,,,,,,,,,,,,,,,,,,,,,,,,,
4cs1,1,19,0,2,164,0,2,0,0,0,0,0,0,0,0,0,0,0,0,0,0,0,0,0,0,0,0,4CS1|1|A
{'NR_all_73731.2'},,,,,,,,,,,,,,,,,,,,,,,,,,,,
3umy,1,80,229,3,487,1,4,1,0,0,0,0,0,0,0,0,0,0,0,0,0,0,0,0,0,0,0,3UMY|1|B
3u56,1,80,230,10,1123,36,11,0,0,0,0,0,0,0,0,0,0,0,0,0,0,0,0,0,0,0,0,3U56|1|B
3u4m,1,80,232,4,471,41,5,5,0,0,0,0,0,0,0,0,0,0,0,0,0,0,0,0,0,0,0,3U4M|1|B
{'NR_all_25303.2'},,,,,,,,,,,,,,,,,,,,,,,,,,,,
1m90,1,2868,3702,71,13799,477,119,86,2,0,0,0,5,0,0,0,0,0,0,0,0,0,0,0,0,0,0,1M90|1|B
1q81,1,2868,3702,67,13533,481,117,86,2,0,0,0,5,0,0,0,0,0,0,0,0,0,0,0,0,0,0,1Q81|1|B
3ccr,1,2866,3775,48,10531,434,93,75,2,0,0,108,5,0,0,0,0,0,0,0,0,0,0,0,0,0,0,3CCR|1|9
3ccl,1,2866,3775,49,10531,398,93,75,2,0,0,108,5,0,0,0,0,0,0,0,0,0,0,0,0,0,0,3CCL|1|9
2otl,1,2866,3775,67,13498,465,116,85,2,0,0,0,5,0,0,0,0,0,0,0,0,0,0,0,0,0,0,2OTL|1|9
3ccv,1,2866,3775,50,10594,417,93,75,2,0,0,108,5,0,0,0,0,0,0,0,0,0,0,0,0,0,0,3CCV|1|9
3ccm,1,2866,3775,52,10480,395,93,75,2,0,0,108,5,0,0,0,0,0,0,0,0,0,0,0,0,0,0,3CCM|1|9
1k8a,1,2866,3701,72,13889,479,119,83,3,0,0,0,5,0,0,0,0,0,0,0,0,0,0,0,0,0,0,1K8A|1|B
3ccs,1,2866,3775,48,10499,431,93,75,2,0,0,108,5,0,0,0,0,0,0,0,0,0,0,0,0,0,0,3CCS|1|9
3cc2,1,2866,3775,69,13521,460,116,86,2,0,0,0,5,0,0,0,0,0,0,0,0,0,0,0,0,0,0,3CC2|1|9
1yit,1,2866,3782,69,13752,471,118,85,1,0,0,0,5,0,0,0,0,0,0,0,0,0,0,0,0,0,0,1YIT|1|9
1s72,1,2866,3775,67,13540,457,116,86,2,0,0,0,5,0,0,0,0,0,0,0,0,0,0,0,0,0,0,1S72|1|9
3cce,1,2866,3775,49,10640,431,93,75,2,0,0,108,5,0,0,0,0,0,0,0,0,0,0,0,0,0,0,3CCE|1|9
1vqn,1,2870,3776,53,10596,403,94,75,2,0,0,114,5,0,0,0,0,0,0,0,0,0,0,0,0,0,0,1VQN|1|9
2qa4,1,2863,3919,70,13454,464,116,86,2,0,0,0,5,0,0,0,0,0,0,0,0,0,0,0,0,0,0,2QA4|1|9
3ccu,1,2866,3775,51,10570,417,93,75,2,0,0,108,5,0,0,0,0,0,0,0,0,0,0,0,0,0,0,3CCU|1|9
1yjn,1,2866,3775,67,13560,451,116,86,2,0,0,0,5,0,0,0,0,0,0,0,0,0,0,0,0,0,0,1YJN|1|9
1k9m,1,2866,3701,68,13819,505,119,85,3,0,0,0,5,0,0,0,0,0,0,0,0,0,0,0,0,0,0,1K9M|1|B
3cme,1,2869,3753,55,10381,404,93,75,2,0,0,108,5,0,0,0,0,0,0,0,0,0,0,0,0,0,0,3CME|1|9
3cpw,1,2868,3705,48,10376,418,92,75,2,0,0,108,5,0,0,0,0,0,0,0,0,0,0,0,0,0,0,3CPW|1|9
1yj9,1,2867,3775,67,13468,441,116,86,2,0,0,0,5,0,0,0,0,0,0,0,0,0,0,0,0,0,0,1YJ9|1|9
3g71,1,2866,3775,48,10585,401,93,75,2,0,0,108,5,0,0,0,0,0,0,0,0,0,0,0,0,0,0,3G71|1|9
1yij,1,2866,3775,67,13520,467,116,86,2,0,0,0,5,0,0,0,0,0,0,0,0,0,0,0,0,0,0,1YIJ|1|9
1kd1,1,2866,3701,69,13832,502,119,85,3,0,0,0,5,0,0,0,0,0,0,0,0,0,0,0,0,0,0,1KD1|1|B
3cd6,1,2867,3776,47,10432,447,93,75,2,0,0,107,5,0,0,0,0,0,0,0,0,0,0,0,0,0,0,3CD6|1|9
1nji,1,2866,3701,70,13650,459,117,85,2,0,0,0,5,0,0,0,0,0,0,0,0,0,0,0,0,0,0,1NJI|1|B
1vq4,1,2870,3775,69,13638,454,117,86,3,0,0,0,5,0,0,0,0,0,0,0,0,0,0,0,0,0,0,1VQ4|1|9
1yi2,1,2866,3775,68,13449,459,116,86,2,0,0,0,5,0,0,0,0,0,0,0,0,0,0,0,0,0,0,1YI2|1|9
1vq9,1,2868,3776,51,10522,419,94,75,2,0,0,114,5,0,0,0,0,0,0,0,0,0,0,0,0,0,0,1VQ9|1|9
3g6e,1,2866,3775,49,10561,425,93,75,2,0,0,108,5,0,0,0,0,0,0,0,0,0,0,0,0,0,0,3G6E|1|9
3cc7,1,2866,3775,49,10585,430,93,75,2,0,0,108,5,0,0,0,0,0,0,0,0,0,0,0,0,0,0,3CC7|1|9
1n8r,1,2866,3701,68,13586,485,117,86,1,0,0,0,5,0,0,0,0,0,0,0,0,0,0,0,0,0,0,1N8R|1|B
3cma,1,2870,3753,55,10404,400,93,75,2,0,0,107,5,0,0,0,0,0,0,0,0,0,0,0,0,0,0,3CMA|1|9
1vqo,1,2867,3776,53,10530,406,94,75,2,0,0,114,5,0,0,0,0,0,0,0,0,0,0,0,0,0,0,1VQO|1|9
1qvg,1,2872,3701,68,13549,471,116,86,2,0,0,0,5,0,0,0,0,0,0,0,0,0,0,0,0,0,0,1QVG|1|9
1vq6,1,2869,3776,69,13606,461,117,86,2,0,0,0,5,0,0,0,0,0,0,0,0,0,0,0,0,0,0,1VQ6|1|9
1vq7,1,2870,3775,70,13721,468,118,86,3,0,0,0,5,0,0,0,0,0,0,0,0,0,0,0,0,0,0,1VQ7|1|9
1ffk,1,2826,0,2,293,0,2,0,1,0,0,0,4,0,0,0,0,0,0,0,0,0,0,0,0,0,0,1FFK|1|9
1q86,1,2870,3702,69,13664,476,118,86,2,0,0,0,5,0,0,0,0,0,0,0,0,0,0,0,0,0,0,1Q86|1|B
3i56,1,2866,3775,49,10511,433,93,75,2,0,0,108,5,0,0,0,0,0,0,0,0,0,0,0,0,0,0,3I56|1|9
1vq5,1,2870,3775,71,13687,456,118,86,3,0,0,0,5,0,0,0,0,0,0,0,0,0,0,0,0,0,0,1VQ5|1|9
1jj2,1,2866,3701,67,13585,482,117,86,2,0,0,0,5,0,0,0,0,0,0,0,0,0,0,0,0,0,0,1JJ2|1|9
3ccq,1,2866,3775,49,10565,421,93,75,2,0,0,108,5,0,0,0,0,0,0,0,0,0,0,0,0,0,0,3CCQ|1|9
3ow2,1,2866,3701,29,6814,361,61,26,1,0,0,98,4,0,0,0,0,0,0,0,0,0,0,0,0,0,0,3OW2|1|9
3cc4,1,2866,3775,50,10542,421,93,75,2,0,0,108,5,0,0,0,0,0,0,0,0,0,0,0,0,0,0,3CC4|1|9
2qex,1,2866,3775,68,13000,432,116,86,2,0,0,0,5,0,0,0,0,0,0,0,0,0,0,0,0,0,0,2QEX|1|9
1yhq,1,2866,3775,50,10579,422,93,75,2,0,0,108,5,0,0,0,0,0,0,0,0,0,0,0,0,0,0,1YHQ|1|9
1vqp,1,2870,3775,52,10641,417,94,75,3,0,0,114,5,0,0,0,0,0,0,0,0,0,0,0,0,0,0,1VQP|1|9
1vqk,1,2868,3776,51,10409,405,93,75,2,0,0,114,5,0,0,0,0,0,0,0,0,0,0,0,0,0,0,1VQK|1|9
2otj,1,2866,3775,65,13514,474,117,86,2,0,0,0,5,0,0,0,0,0,0,0,0,0,0,0,0,0,0,2OTJ|1|9
1vq8,1,2868,3776,52,10587,426,94,75,2,0,0,114,5,0,0,0,0,0,0,0,0,0,0,0,0,0,0,1VQ8|1|9
3cxc,1,2868,3701,66,13527,487,117,86,2,0,0,0,5,0,0,0,0,0,0,0,0,0,0,0,0,0,0,3CXC|1|9
{'NR_all_26150.2'},,,,,,,,,,,,,,,,,,,,,,,,,,,,
1k8a,1,2866,3701,72,13889,479,119,83,3,0,0,0,5,0,0,0,0,0,0,0,0,0,0,0,0,0,0,1K8A|1|A
3ccv,1,2866,3775,50,10594,417,93,75,2,0,0,108,5,0,0,0,0,0,0,0,0,0,0,0,0,0,0,3CCV|1|0
3ccr,1,2866,3775,48,10531,434,93,75,2,0,0,108,5,0,0,0,0,0,0,0,0,0,0,0,0,0,0,3CCR|1|0
1vq5,1,2870,3775,71,13687,456,118,86,3,0,0,0,5,0,0,0,0,0,0,0,0,0,0,0,0,0,0,1VQ5|1|0
1yij,1,2866,3775,67,13520,467,116,86,2,0,0,0,5,0,0,0,0,0,0,0,0,0,0,0,0,0,0,1YIJ|1|0
3ccl,1,2866,3775,49,10531,398,93,75,2,0,0,108,5,0,0,0,0,0,0,0,0,0,0,0,0,0,0,3CCL|1|0
1s72,1,2866,3775,67,13540,457,116,86,2,0,0,0,5,0,0,0,0,0,0,0,0,0,0,0,0,0,0,1S72|1|0
1vqo,1,2867,3776,53,10530,406,94,75,2,0,0,114,5,0,0,0,0,0,0,0,0,0,0,0,0,0,0,1VQO|1|0
3cce,1,2866,3775,49,10640,431,93,75,2,0,0,108,5,0,0,0,0,0,0,0,0,0,0,0,0,0,0,3CCE|1|0
1yit,1,2866,3782,69,13752,471,118,85,1,0,0,0,5,0,0,0,0,0,0,0,0,0,0,0,0,0,0,1YIT|1|0
3g6e,1,2866,3775,49,10561,425,93,75,2,0,0,108,5,0,0,0,0,0,0,0,0,0,0,0,0,0,0,3G6E|1|0
1vq6,1,2869,3776,69,13606,461,117,86,2,0,0,0,5,0,0,0,0,0,0,0,0,0,0,0,0,0,0,1VQ6|1|0
1yjn,1,2866,3775,67,13560,451,116,86,2,0,0,0,5,0,0,0,0,0,0,0,0,0,0,0,0,0,0,1YJN|1|0
3ccm,1,2866,3775,52,10480,395,93,75,2,0,0,108,5,0,0,0,0,0,0,0,0,0,0,0,0,0,0,3CCM|1|0
1k9m,1,2866,3701,68,13819,505,119,85,3,0,0,0,5,0,0,0,0,0,0,0,0,0,0,0,0,0,0,1K9M|1|A
3ccs,1,2866,3775,48,10499,431,93,75,2,0,0,108,5,0,0,0,0,0,0,0,0,0,0,0,0,0,0,3CCS|1|0
1vq9,1,2868,3776,51,10522,419,94,75,2,0,0,114,5,0,0,0,0,0,0,0,0,0,0,0,0,0,0,1VQ9|1|0
3cpw,1,2868,3705,48,10376,418,92,75,2,0,0,108,5,0,0,0,0,0,0,0,0,0,0,0,0,0,0,3CPW|1|0
1yj9,1,2867,3775,67,13468,441,116,86,2,0,0,0,5,0,0,0,0,0,0,0,0,0,0,0,0,0,0,1YJ9|1|0
1kd1,1,2866,3701,69,13832,502,119,85,3,0,0,0,5,0,0,0,0,0,0,0,0,0,0,0,0,0,0,1KD1|1|A
2qex,1,2866,3775,68,13000,432,116,86,2,0,0,0,5,0,0,0,0,0,0,0,0,0,0,0,0,0,0,2QEX|1|0
3g71,1,2866,3775,48,10585,401,93,75,2,0,0,108,5,0,0,0,0,0,0,0,0,0,0,0,0,0,0,3G71|1|0
1yhq,1,2866,3775,50,10579,422,93,75,2,0,0,108,5,0,0,0,0,0,0,0,0,0,0,0,0,0,0,1YHQ|1|0
1ffk,1,2826,0,2,293,0,2,0,1,0,0,0,4,0,0,0,0,0,0,0,0,0,0,0,0,0,0,1FFK|1|0
1vqk,1,2868,3776,51,10409,405,93,75,2,0,0,114,5,0,0,0,0,0,0,0,0,0,0,0,0,0,0,1VQK|1|0
2otj,1,2866,3775,65,13514,474,117,86,2,0,0,0,5,0,0,0,0,0,0,0,0,0,0,0,0,0,0,2OTJ|1|0
3ow2,1,2866,3701,29,6814,361,61,26,1,0,0,98,4,0,0,0,0,0,0,0,0,0,0,0,0,0,0,3OW2|1|0
1vq8,1,2868,3776,52,10587,426,94,75,2,0,0,114,5,0,0,0,0,0,0,0,0,0,0,0,0,0,0,1VQ8|1|0
1nji,1,2866,3701,70,13650,459,117,85,2,0,0,0,5,0,0,0,0,0,0,0,0,0,0,0,0,0,0,1NJI|1|A
1qvg,1,2872,3701,68,13549,471,116,86,2,0,0,0,5,0,0,0,0,0,0,0,0,0,0,0,0,0,0,1QVG|1|0
2otl,1,2866,3775,67,13498,465,116,85,2,0,0,0,5,0,0,0,0,0,0,0,0,0,0,0,0,0,0,2OTL|1|0
3cc7,1,2866,3775,49,10585,430,93,75,2,0,0,108,5,0,0,0,0,0,0,0,0,0,0,0,0,0,0,3CC7|1|0
3i56,1,2866,3775,49,10511,433,93,75,2,0,0,108,5,0,0,0,0,0,0,0,0,0,0,0,0,0,0,3I56|1|0
2qa4,1,2863,3919,70,13454,464,116,86,2,0,0,0,5,0,0,0,0,0,0,0,0,0,0,0,0,0,0,2QA4|1|0
1m90,1,2868,3702,71,13799,477,119,86,2,0,0,0,5,0,0,0,0,0,0,0,0,0,0,0,0,0,0,1M90|1|A
3ccq,1,2866,3775,49,10565,421,93,75,2,0,0,108,5,0,0,0,0,0,0,0,0,0,0,0,0,0,0,3CCQ|1|0
3cxc,1,2868,3701,66,13527,487,117,86,2,0,0,0,5,0,0,0,0,0,0,0,0,0,0,0,0,0,0,3CXC|1|0
3cme,1,2869,3753,55,10381,404,93,75,2,0,0,108,5,0,0,0,0,0,0,0,0,0,0,0,0,0,0,3CME|1|0
1vq7,1,2870,3775,70,13721,468,118,86,3,0,0,0,5,0,0,0,0,0,0,0,0,0,0,0,0,0,0,1VQ7|1|0
1n8r,1,2866,3701,68,13586,485,117,86,1,0,0,0,5,0,0,0,0,0,0,0,0,0,0,0,0,0,0,1N8R|1|A
1vq4,1,2870,3775,69,13638,454,117,86,3,0,0,0,5,0,0,0,0,0,0,0,0,0,0,0,0,0,0,1VQ4|1|0
3cma,1,2870,3753,55,10404,400,93,75,2,0,0,107,5,0,0,0,0,0,0,0,0,0,0,0,0,0,0,3CMA|1|0
3cc4,1,2866,3775,50,10542,421,93,75,2,0,0,108,5,0,0,0,0,0,0,0,0,0,0,0,0,0,0,3CC4|1|0
1vqn,1,2870,3776,53,10596,403,94,75,2,0,0,114,5,0,0,0,0,0,0,0,0,0,0,0,0,0,0,1VQN|1|0
3cd6,1,2867,3776,47,10432,447,93,75,2,0,0,107,5,0,0,0,0,0,0,0,0,0,0,0,0,0,0,3CD6|1|0
3cc2,1,2866,3775,69,13521,460,116,86,2,0,0,0,5,0,0,0,0,0,0,0,0,0,0,0,0,0,0,3CC2|1|0
1jj2,1,2866,3701,67,13585,482,117,86,2,0,0,0,5,0,0,0,0,0,0,0,0,0,0,0,0,0,0,1JJ2|1|0
1vqp,1,2870,3775,52,10641,417,94,75,3,0,0,114,5,0,0,0,0,0,0,0,0,0,0,0,0,0,0,1VQP|1|0
3ccu,1,2866,3775,51,10570,417,93,75,2,0,0,108,5,0,0,0,0,0,0,0,0,0,0,0,0,0,0,3CCU|1|0
1yi2,1,2866,3775,68,13449,459,116,86,2,0,0,0,5,0,0,0,0,0,0,0,0,0,0,0,0,0,0,1YI2|1|0
1q86,1,2870,3702,69,13664,476,118,86,2,0,0,0,5,0,0,0,0,0,0,0,0,0,0,0,0,0,0,1Q86|1|A
1q81,1,2868,3702,67,13533,481,117,86,2,0,0,0,5,0,0,0,0,0,0,0,0,0,0,0,0,0,0,1Q81|1|A
{'NR_all_92683.1'},,,,,,,,,,,,,,,,,,,,,,,,,,,,
2g3s,1,70,0,2,223,0,2,0,0,0,0,0,0,0,0,0,0,0,0,0,0,0,0,0,0,0,0,2G3S|1|G+2G3S|1|H
2g3s,1,70,0,2,223,0,2,0,0,0,0,0,0,0,0,0,0,0,0,0,0,0,0,0,0,0,0,2G3S|1|I+2G3S|1|J
2g3s,1,70,0,2,223,0,2,0,0,0,0,0,0,0,0,0,0,0,0,0,0,0,0,0,0,0,0,2G3S|1|C+2G3S|1|D
2g3s,1,70,0,2,223,0,2,0,0,0,0,0,0,0,0,0,0,0,0,0,0,0,0,0,0,0,0,2G3S|1|E+2G3S|1|F
2g3s,1,70,0,2,223,0,2,0,0,0,0,0,0,0,0,0,0,0,0,0,0,0,0,0,0,0,0,2G3S|1|A+2G3S|1|B
{'NR_all_27096.1'},,,,,,,,,,,,,,,,,,,,,,,,,,,,
4wfl,1,106,0,3,232,0,3,0,0,0,0,0,0,0,0,15,0,0,0,0,0,0,0,0,0,0,0,4WFL|1|A
{'NR_all_35054.3'},,,,,,,,,,,,,,,,,,,,,,,,,,,,
4y1o,1,514,0,19,1987,0,19,0,2,0,0,0,0,0,0,0,0,0,0,0,0,0,0,0,0,0,0,4Y1O|1|B
4fau,1,394,0,24,2585,0,24,0,0,0,0,0,0,0,0,0,0,0,0,0,0,0,0,0,0,0,0,4FAU|1|A
3g78,1,396,0,51,5158,0,51,0,26,0,0,0,0,0,0,0,0,0,0,0,0,0,0,0,0,0,0,3G78|1|A
4far,1,394,0,30,3292,0,30,0,19,0,0,0,0,0,0,0,0,0,0,0,0,0,0,0,0,0,0,4FAR|1|A
4e8n,1,391,0,31,3330,0,31,0,0,0,0,0,0,0,0,0,0,0,0,0,0,0,0,0,0,0,0,4E8N|1|A
4y1n,1,508,0,8,962,0,8,0,1,0,0,0,0,0,28,0,0,0,0,0,0,0,0,0,0,0,0,4Y1N|1|B
4y1o,1,514,0,19,1987,0,19,0,2,0,0,0,0,0,0,0,0,0,0,0,0,0,0,0,0,0,0,4Y1O|1|A
4e8q,1,391,0,30,3211,0,30,0,0,0,0,0,0,0,0,0,0,0,0,0,0,0,0,0,0,0,17,4E8Q|1|A
4y1n,1,508,0,8,962,0,8,0,1,0,0,0,0,0,28,0,0,0,0,0,0,0,0,0,0,0,0,4Y1N|1|A
4faw,1,393,0,32,3451,0,32,0,19,0,0,0,0,0,0,0,0,0,0,0,0,0,0,0,0,0,0,4FAW|1|A
{'NR_all_14518.1'},,,,,,,,,,,,,,,,,,,,,,,,,,,,
1fuf,1,26,0,1,107,0,1,0,0,0,0,0,0,0,0,0,0,0,0,0,0,0,0,0,0,0,0,1FUF|1|A+1FUF|1|B
1ik5,1,26,0,2,226,0,2,0,0,0,0,0,0,0,0,0,0,0,0,0,0,0,0,0,0,0,0,1IK5|1|A+1IK5|1|B
{'NR_all_65073.1'},,,,,,,,,,,,,,,,,,,,,,,,,,,,
3q3z,1,148,0,13,1383,0,13,0,0,0,0,0,0,0,0,0,0,0,0,0,0,0,0,0,0,0,0,3Q3Z|1|A
3q3z,1,148,0,13,1383,0,13,0,0,0,0,0,0,0,0,0,0,0,0,0,0,0,0,0,0,0,0,3Q3Z|1|V
{'NR_all_51549.1'},,,,,,,,,,,,,,,,,,,,,,,,,,,,
1pjo,1,20,0,6,624,0,6,0,0,0,0,0,0,0,0,0,0,0,0,0,0,0,0,0,0,0,0,1PJO|1|A
{'NR_all_68957.1'},,,,,,,,,,,,,,,,,,,,,,,,,,,,
2pjp,1,23,121,9,945,89,17,1,0,0,0,0,0,0,0,0,0,0,0,0,4,0,0,0,0,0,0,2PJP|1|B
{'NR_all_95614.1'},,,,,,,,,,,,,,,,,,,,,,,,,,,,
1y39,1,114,146,18,2337,0,18,0,2,0,0,0,0,0,0,2,0,0,0,0,0,0,0,0,0,0,0,1Y39|1|C
1y39,1,114,146,18,2337,0,18,0,2,0,0,0,0,0,0,2,0,0,0,0,0,0,0,0,0,0,0,1Y39|1|D
1hc8,1,114,144,21,2459,0,21,0,2,0,0,0,0,0,0,0,0,0,0,0,0,0,0,0,0,0,0,1HC8|1|C
1qa6,1,116,134,4,630,0,4,0,0,0,0,0,0,0,0,0,0,0,0,0,0,0,0,0,0,0,0,1QA6|1|D
1hc8,1,114,144,21,2459,0,21,0,2,0,0,0,0,0,0,0,0,0,0,0,0,0,0,0,0,0,0,1HC8|1|D
1qa6,1,116,134,4,630,0,4,0,0,0,0,0,0,0,0,0,0,0,0,0,0,0,0,0,0,0,0,1QA6|1|C
{'NR_all_39627.3'},,,,,,,,,,,,,,,,,,,,,,,,,,,,
2r8s,1,158,432,4,531,0,4,0,0,0,0,0,0,0,0,0,0,0,0,0,0,0,0,0,0,0,0,2R8S|1|R
1hr2,1,313,0,42,5006,0,42,0,0,0,0,0,0,0,0,0,0,0,0,0,0,0,0,0,0,0,0,1HR2|1|B
1gid,1,316,0,24,2880,0,24,0,0,0,0,0,0,0,0,4,0,0,0,0,0,0,0,0,0,0,0,1GID|1|A
6d8o,1,316,0,19,2317,0,19,0,0,0,0,0,0,0,0,0,0,0,0,0,0,0,0,0,0,0,0,6D8O|1|B
1l8v,1,312,0,10,1283,0,10,0,0,0,0,0,0,0,0,0,0,0,0,0,0,0,0,0,0,0,0,1L8V|1|B
1l8v,1,312,0,10,1283,0,10,0,0,0,0,0,0,0,0,0,0,0,0,0,0,0,0,0,0,0,0,1L8V|1|A
1hr2,1,313,0,42,5006,0,42,0,0,0,0,0,0,0,0,0,0,0,0,0,0,0,0,0,0,0,0,1HR2|1|A
6d8o,1,316,0,19,2317,0,19,0,0,0,0,0,0,0,0,0,0,0,0,0,0,0,0,0,0,0,0,6D8O|1|A
1gid,1,316,0,24,2880,0,24,0,0,0,0,0,0,0,0,4,0,0,0,0,0,0,0,0,0,0,0,1GID|1|B
{'NR_all_75133.1'},,,,,,,,,,,,,,,,,,,,,,,,,,,,
6dn3,1,108,0,7,705,0,7,0,1,0,0,0,0,0,0,0,0,0,0,0,0,0,0,0,0,0,0,6DN3|1|Y+6DN3|1|X
3f4h,1,109,0,11,1056,0,11,0,2,0,0,0,0,0,0,0,0,0,0,0,0,0,0,0,0,0,0,3F4H|1|Y+3F4H|1|X
6bfb,1,109,0,1,100,0,1,0,0,0,0,0,0,0,0,0,0,0,0,0,0,0,0,0,0,0,0,6BFB|1|Y+6BFB|1|X
6dn2,1,107,0,6,592,0,6,0,1,0,0,0,0,0,0,0,0,0,0,0,0,0,0,0,0,0,0,6DN2|1|Y+6DN2|1|X
{'NR_all_29085.1'},,,,,,,,,,,,,,,,,,,,,,,,,,,,
1n78,1,152,936,2,238,0,2,0,0,0,0,0,0,0,0,0,0,0,0,0,0,0,0,0,0,0,0,1N78|1|D
2cv2,1,150,938,2,243,0,2,0,0,0,0,0,0,0,0,0,0,0,0,0,0,0,0,0,0,0,0,2CV2|1|D
2cv1,1,150,938,3,496,1,4,0,0,0,0,0,0,0,0,0,0,0,0,0,0,0,0,0,0,0,0,2CV1|1|C
2dxi,1,150,939,2,239,0,2,0,0,0,0,0,0,0,0,0,0,0,0,0,0,0,0,0,0,0,0,2DXI|1|C
1n78,1,152,936,2,238,0,2,0,0,0,0,0,0,0,0,0,0,0,0,0,0,0,0,0,0,0,0,1N78|1|C
2cv0,1,150,938,2,241,0,2,0,0,0,0,0,0,0,0,0,0,0,0,0,0,0,0,0,0,0,0,2CV0|1|C
2dxi,1,150,939,2,239,0,2,0,0,0,0,0,0,0,0,0,0,0,0,0,0,0,0,0,0,0,0,2DXI|1|D
1n77,1,150,936,2,238,0,2,0,0,0,0,0,0,0,0,0,0,0,0,0,0,0,0,0,0,0,0,1N77|1|D
2cv0,1,150,938,2,241,0,2,0,0,0,0,0,0,0,0,0,0,0,0,0,0,0,0,0,0,0,0,2CV0|1|D
2cv2,1,150,938,2,243,0,2,0,0,0,0,0,0,0,0,0,0,0,0,0,0,0,0,0,0,0,0,2CV2|1|C
2cv1,1,150,938,3,496,1,4,0,0,0,0,0,0,0,0,0,0,0,0,0,0,0,0,0,0,0,0,2CV1|1|D
1n77,1,150,936,2,238,0,2,0,0,0,0,0,0,0,0,0,0,0,0,0,0,0,0,0,0,0,0,1N77|1|C
{'NR_all_60049.1'},,,,,,,,,,,,,,,,,,,,,,,,,,,,
3cd6,1,2867,3776,47,10432,447,93,75,2,0,0,107,5,0,0,0,0,0,0,0,0,0,0,0,0,0,0,3CD6|1|4
1vqo,1,2867,3776,53,10530,406,94,75,2,0,0,114,5,0,0,0,0,0,0,0,0,0,0,0,0,0,0,1VQO|1|4
3cma,1,2870,3753,55,10404,400,93,75,2,0,0,107,5,0,0,0,0,0,0,0,0,0,0,0,0,0,0,3CMA|1|5
3cme,1,2869,3753,55,10381,404,93,75,2,0,0,108,5,0,0,0,0,0,0,0,0,0,0,0,0,0,0,3CME|1|5
1qvg,1,2872,3701,68,13549,471,116,86,2,0,0,0,5,0,0,0,0,0,0,0,0,0,0,0,0,0,0,1QVG|1|3
{'NR_all_60167.4'},,,,,,,,,,,,,,,,,,,,,,,,,,,,
1o3z,1,47,0,8,1013,0,8,0,0,0,0,0,0,0,0,0,0,0,0,0,0,0,0,0,0,0,0,1O3Z|1|B+1O3Z|1|A
1y73,1,47,0,8,996,0,8,0,0,0,0,0,0,0,0,0,0,0,0,0,0,0,0,0,0,0,0,1Y73|1|B+1Y73|1|A
2qek,1,44,0,1,107,0,1,0,3,0,0,0,0,0,0,0,0,0,0,0,0,0,0,0,0,0,0,2QEK|1|A+2QEK|1|B
1y95,1,47,0,10,1148,0,10,0,0,0,0,0,0,0,0,0,0,0,0,0,0,0,0,0,0,0,0,1Y95|1|B+1Y95|1|A
1y99,1,47,0,7,897,0,7,0,0,0,0,0,0,0,0,0,0,0,0,0,0,0,0,0,0,0,0,1Y99|1|A+1Y99|1|B
2oiy,1,44,0,2,231,0,2,0,3,0,0,0,0,0,0,0,0,0,0,0,0,0,0,0,0,0,0,2OIY|1|A+2OIY|1|B
462d,1,47,0,8,996,0,8,0,0,0,0,0,0,0,0,0,0,0,0,0,0,0,0,0,0,0,0,462D|1|B+462D|1|A
{'NR_all_83775.1'},,,,,,,,,,,,,,,,,,,,,,,,,,,,
3tzr,1,34,0,6,723,0,6,0,0,0,0,0,0,0,0,0,0,0,0,0,0,0,0,0,0,0,0,3TZR|1|A+3TZR|1|B
{'NR_all_51824.1'},,,,,,,,,,,,,,,,,,,,,,,,,,,,
5wti,1,154,982,12,2271,129,26,0,0,0,0,0,0,0,0,0,0,0,0,0,0,0,0,0,0,0,0,5WTI|1|B
{'NR_all_52610.1'},,,,,,,,,,,,,,,,,,,,,,,,,,,,
4pcj,1,34,0,5,526,0,5,0,0,0,0,0,0,0,0,0,0,0,0,0,0,0,0,0,0,0,0,4PCJ|1|A
4fnj,1,34,0,5,472,0,5,0,0,0,0,0,0,0,0,0,0,0,0,0,0,0,0,0,0,0,0,4FNJ|1|A
{'NR_all_56975.1'},,,,,,,,,,,,,,,,,,,,,,,,,,,,
5cki,1,59,0,2,277,0,2,0,0,0,0,0,0,0,0,4,0,0,0,0,0,0,0,0,0,0,0,5CKI|1|D
5ckk,1,59,0,3,399,0,3,0,0,0,0,0,0,0,0,0,0,0,0,0,0,0,0,0,0,0,0,5CKK|1|D
{'NR_all_46216.1'},,,,,,,,,,,,,,,,,,,,,,,,,,,,
3cgs,1,23,0,1,130,0,1,0,0,0,0,0,0,0,0,0,0,0,0,0,0,0,0,0,0,0,0,3CGS|1|B+3CGS|1|A
{'NR_all_49339.2'},,,,,,,,,,,,,,,,,,,,,,,,,,,,
5dhc,1,60,0,15,1162,0,15,0,0,0,0,0,0,0,0,0,0,0,0,0,0,0,0,0,0,0,0,5DHC|1|C+5DHC|1|D
5v0j,1,26,0,1,8,0,1,0,0,0,0,0,0,0,0,0,0,0,0,0,0,0,0,0,0,0,0,5V0J|1|A+5V0J|1|B
5dhc,1,60,0,15,1162,0,15,0,0,0,0,0,0,0,0,0,0,0,0,0,0,0,0,0,0,0,0,5DHC|1|A+5DHC|1|B
{'NR_all_12869.1'},,,,,,,,,,,,,,,,,,,,,,,,,,,,
4l81,1,96,1,6,560,0,6,0,0,0,0,0,0,0,0,9,0,0,0,0,0,0,0,0,0,0,0,4L81|1|A
{'NR_all_01439.1'},,,,,,,,,,,,,,,,,,,,,,,,,,,,
5tpy,1,71,0,1,119,0,1,0,0,0,0,0,0,0,0,0,0,0,0,0,0,0,0,0,0,0,0,5TPY|1|A
{'NR_all_65795.40'},,,,,,,,,,,,,,,,,,,,,,,,,,,,
1n32,1,1528,2389,120,19041,278,158,0,0,0,2,0,0,0,0,0,0,0,0,0,0,0,0,0,0,0,0,1N32|1|A
2uxc,1,1526,2396,148,21786,480,192,0,26,0,2,0,0,0,0,0,0,0,0,0,0,0,0,0,0,0,0,2UXC|1|A
4b3t,1,1527,2396,160,24363,713,219,0,17,0,2,0,0,0,0,0,0,0,0,0,0,0,0,0,0,0,0,4B3T|1|A
4b3r,1,1527,2396,154,23258,729,207,0,14,0,2,0,0,0,0,0,0,0,0,0,0,0,0,0,0,0,0,4B3R|1|A
4b3m,1,1530,2396,185,26914,806,240,0,17,0,2,0,0,0,0,0,0,0,0,0,0,0,0,0,0,0,0,4B3M|1|A
1xmq,1,1519,2396,78,12733,136,107,0,0,0,2,0,0,0,0,0,0,0,0,0,0,0,0,0,0,0,0,1XMQ|1|A
1fjg,1,1511,2404,70,11279,168,96,0,0,0,2,0,0,0,0,0,0,0,0,0,0,0,0,0,0,0,0,1FJG|1|A
3t1y,1,1526,2397,153,20839,168,186,0,0,0,2,0,0,0,0,0,0,0,0,0,0,0,0,0,0,0,0,3T1Y|1|A
{'NR_all_58357.1'},,,,,,,,,,,,,,,,,,,,,,,,,,,,
1fjg,1,1511,2404,70,11279,168,96,0,0,0,2,0,0,0,0,0,0,0,0,0,0,0,0,0,0,0,0,1FJG|1|X
{'NR_all_35088.1'},,,,,,,,,,,,,,,,,,,,,,,,,,,,
3loa,1,42,0,3,270,0,3,0,0,0,0,0,0,0,0,0,0,0,0,0,0,0,0,0,0,0,0,3LOA|1|B+3LOA|1|A
{'NR_all_35542.53'},,,,,,,,,,,,,,,,,,,,,,,,,,,,
2fmt,1,154,630,2,177,0,2,0,0,0,0,0,0,0,0,0,0,0,0,0,0,0,0,0,0,0,0,2FMT|1|C
2fmt,1,154,630,2,177,0,2,0,0,0,0,0,0,0,0,0,0,0,0,0,0,0,0,0,0,0,0,2FMT|1|D
{'NR_all_27023.1'},,,,,,,,,,,,,,,,,,,,,,,,,,,,
1hq1,1,48,76,4,424,0,4,0,3,0,0,0,0,0,0,0,0,0,0,0,0,0,0,0,0,0,0,1HQ1|1|B
1dul,1,48,69,4,424,0,4,0,3,0,0,0,0,0,0,0,0,0,0,0,0,0,0,0,0,0,0,1DUL|1|B
{'NR_all_12260.3'},,,,,,,,,,,,,,,,,,,,,,,,,,,,
3ucu,1,93,87,1,131,0,1,0,0,0,0,0,0,0,0,0,0,0,0,0,0,0,0,0,0,0,0,3UCU|1|R
4yb1,1,91,92,1,126,0,1,0,0,0,0,0,0,0,0,0,0,0,0,0,0,0,0,0,0,0,0,4YB1|1|R
3mum,1,91,87,2,252,0,2,0,0,0,0,0,0,0,0,0,0,0,0,0,0,0,0,0,0,0,0,3MUM|1|R
3ucz,1,93,91,2,227,23,3,0,0,0,0,0,0,0,0,0,0,0,0,0,0,0,0,0,0,0,0,3UCZ|1|R
3mur,1,91,90,2,261,0,2,0,0,0,0,0,0,0,0,0,0,0,0,0,0,0,0,0,0,0,0,3MUR|1|R
3mut,1,91,90,2,223,0,2,0,0,0,0,0,0,0,0,0,0,0,0,0,0,0,0,0,0,0,0,3MUT|1|R
3mxh,1,91,87,4,481,4,5,0,0,0,0,0,0,0,0,0,0,0,0,0,0,0,0,0,0,0,0,3MXH|1|R
3irw,1,90,90,2,257,0,2,0,0,0,0,0,0,0,9,0,0,0,0,0,0,0,0,0,0,0,0,3IRW|1|R
{'NR_all_98802.1'},,,,,,,,,,,,,,,,,,,,,,,,,,,,
6dlt,1,106,0,3,353,0,3,3,0,0,0,0,0,0,0,0,0,0,0,0,0,0,0,0,0,0,0,6DLT|1|A
6dlr,1,107,0,3,357,0,3,0,3,0,0,0,0,0,18,0,0,0,0,0,0,0,0,0,0,0,0,6DLR|1|A
6dls,1,106,0,3,343,0,3,0,0,0,0,0,0,0,0,0,0,0,0,0,0,0,0,0,0,0,1,6DLS|1|A
6dnr,1,106,0,3,352,0,3,0,0,0,0,0,0,0,0,0,0,0,0,0,0,0,0,0,0,0,0,6DNR|1|A
{'NR_all_98593.1'},,,,,,,,,,,,,,,,,,,,,,,,,,,,
5d8h,1,74,376,9,1252,42,11,4,0,0,0,0,0,0,0,0,0,0,0,0,0,0,0,0,0,0,0,5D8H|1|A
{'NR_all_40545.1'},,,,,,,,,,,,,,,,,,,,,,,,,,,,
3knc,1,15,0,2,177,0,2,0,0,0,0,0,0,0,0,0,0,0,0,0,0,0,0,0,0,0,0,3KNC|1|B
{'NR_all_98075.1'},,,,,,,,,,,,,,,,,,,,,,,,,,,,
2zzm,1,84,334,2,458,11,5,0,0,0,0,0,0,0,0,0,0,0,0,0,0,0,0,0,0,0,0,2ZZM|1|B
{'NR_all_33604.1'},,,,,,,,,,,,,,,,,,,,,,,,,,,,
2a04,1,54,0,2,124,0,2,0,0,0,0,0,0,0,0,0,0,0,0,0,0,0,0,0,0,0,0,2A04|1|A+2A04|1|C+2A04|1|B+2A04|1|D
1zz5,1,54,0,2,233,0,2,0,0,0,0,0,0,0,0,0,0,0,0,0,0,0,0,0,0,0,0,1ZZ5|1|A+1ZZ5|1|C+1ZZ5|1|B+1ZZ5|1|D
{'NR_all_11709.1'},,,,,,,,,,,,,,,,,,,,,,,,,,,,
5omw,1,160,1720,2,185,0,2,0,0,0,2,0,0,0,0,0,0,0,0,0,0,0,0,0,0,0,0,5OMW|1|E
4cqn,1,161,1724,2,204,0,2,0,0,0,2,0,0,0,0,0,0,0,0,0,0,0,0,0,0,0,0,4CQN|1|E
4arc,1,71,814,1,82,0,1,0,0,0,0,0,0,0,0,0,0,0,0,0,0,0,0,0,0,0,0,4ARC|1|B
4aq7,1,156,1722,2,189,0,2,0,0,0,2,0,0,0,0,0,0,0,0,0,0,0,0,0,0,0,0,4AQ7|1|B
4cqn,1,161,1724,2,204,0,2,0,0,0,2,0,0,0,0,0,0,0,0,0,0,0,0,0,0,0,0,4CQN|1|B
3zgz,1,160,1729,6,760,1,7,0,0,0,2,0,0,0,0,0,0,0,0,0,0,0,0,0,0,0,0,3ZGZ|1|E
5omw,1,160,1720,2,185,0,2,0,0,0,2,0,0,0,0,0,0,0,0,0,0,0,0,0,0,0,0,5OMW|1|B
3zgz,1,160,1729,6,760,1,7,0,0,0,2,0,0,0,0,0,0,0,0,0,0,0,0,0,0,0,0,3ZGZ|1|B
4aq7,1,156,1722,2,189,0,2,0,0,0,2,0,0,0,0,0,0,0,0,0,0,0,0,0,0,0,0,4AQ7|1|E
{'NR_all_40597.1'},,,,,,,,,,,,,,,,,,,,,,,,,,,,
2hw8,1,36,228,1,132,0,1,0,1,0,0,0,0,0,0,0,0,0,0,0,0,0,0,0,0,0,0,2HW8|1|B
{'NR_all_95734.1'},,,,,,,,,,,,,,,,,,,,,,,,,,,,
4b3m,1,1530,2396,185,26914,806,240,0,17,0,2,0,0,0,0,0,0,0,0,0,0,0,0,0,0,0,0,4B3M|1|Z+4B3M|1|W
4b3r,1,1527,2396,154,23258,729,207,0,14,0,2,0,0,0,0,0,0,0,0,0,0,0,0,0,0,0,0,4B3R|1|Z+4B3R|1|W
4b3t,1,1527,2396,160,24363,713,219,0,17,0,2,0,0,0,0,0,0,0,0,0,0,0,0,0,0,0,0,4B3T|1|Z+4B3T|1|W
{'NR_all_32185.1'},,,,,,,,,,,,,,,,,,,,,,,,,,,,
3owz,1,170,2,12,1838,16,16,0,0,0,0,0,0,0,23,0,0,0,0,0,0,0,0,0,0,0,0,3OWZ|1|A
3oxd,1,174,0,34,3678,0,34,0,0,0,0,0,0,0,0,0,0,0,0,0,0,0,0,0,0,0,0,3OXD|1|A
3oxe,1,175,2,10,1063,0,10,0,0,32,0,0,0,0,0,0,0,0,0,0,0,0,0,0,0,0,0,3OXE|1|B
3oww,1,174,2,29,3670,16,33,0,0,0,0,0,0,0,0,0,0,0,0,0,0,0,0,0,0,0,0,3OWW|1|A
3oww,1,174,2,29,3670,16,33,0,0,0,0,0,0,0,0,0,0,0,0,0,0,0,0,0,0,0,0,3OWW|1|B
3oxm,1,175,2,23,3108,16,27,0,0,0,0,0,0,0,0,0,0,0,0,0,0,0,0,0,0,0,10,3OXM|1|B
3owz,1,170,2,12,1838,16,16,0,0,0,0,0,0,0,23,0,0,0,0,0,0,0,0,0,0,0,0,3OWZ|1|B
3oxb,1,174,0,28,3034,0,28,0,0,0,0,0,0,0,0,0,0,0,0,0,0,0,0,0,0,0,0,3OXB|1|B
3oxm,1,175,2,23,3108,16,27,0,0,0,0,0,0,0,0,0,0,0,0,0,0,0,0,0,0,0,10,3OXM|1|A
3oxd,1,174,0,34,3678,0,34,0,0,0,0,0,0,0,0,0,0,0,0,0,0,0,0,0,0,0,0,3OXD|1|B
3owi,1,175,2,29,3635,16,33,0,0,0,0,0,0,0,0,0,0,0,0,0,0,0,0,0,0,0,0,3OWI|1|B
3oxb,1,174,0,28,3034,0,28,0,0,0,0,0,0,0,0,0,0,0,0,0,0,0,0,0,0,0,0,3OXB|1|A
3oxe,1,175,2,10,1063,0,10,0,0,32,0,0,0,0,0,0,0,0,0,0,0,0,0,0,0,0,0,3OXE|1|A
3owi,1,175,2,29,3635,16,33,0,0,0,0,0,0,0,0,0,0,0,0,0,0,0,0,0,0,0,0,3OWI|1|A
{'NR_all_19241.1'},,,,,,,,,,,,,,,,,,,,,,,,,,,,
1jzv,1,30,0,1,111,0,1,0,0,0,0,0,0,0,0,0,0,0,0,0,0,0,0,0,0,0,0,1JZV|1|B+1JZV|1|A
1jzv,1,30,0,1,111,0,1,0,0,0,0,0,0,0,0,0,0,0,0,0,0,0,0,0,0,0,0,1JZV|1|D+1JZV|1|C
{'NR_all_40560.1'},,,,,,,,,,,,,,,,,,,,,,,,,,,,
3oij,1,26,432,1,110,0,1,0,0,0,0,0,0,0,0,0,0,0,0,0,0,0,0,0,0,0,0,3OIJ|1|D
3oin,1,13,440,1,118,0,1,0,0,0,0,0,0,0,0,0,0,0,0,0,0,0,0,0,0,0,0,3OIN|1|C
3oij,1,26,432,1,110,0,1,0,0,0,0,0,0,0,0,0,0,0,0,0,0,0,0,0,0,0,0,3OIJ|1|C
{'NR_all_73803.1'},,,,,,,,,,,,,,,,,,,,,,,,,,,,
5vof,1,35,282,2,287,0,2,1,0,0,0,0,0,0,0,0,0,0,0,0,1,0,0,0,0,0,0,5VOF|1|A
5voe,1,35,282,2,296,0,2,1,0,0,0,0,0,0,0,0,0,0,0,0,1,0,0,0,0,0,0,5VOE|1|A
{'NR_all_88987.6'},,,,,,,,,,,,,,,,,,,,,,,,,,,,
5dm7,1,2902,3487,144,21879,257,186,0,0,0,0,0,0,0,0,0,0,0,0,0,0,0,0,0,0,0,0,5DM7|1|X
5dm6,1,2902,3487,157,23206,211,198,0,0,0,0,0,0,0,0,0,0,0,0,0,0,0,0,0,0,0,0,5DM6|1|X
2zjr,1,2806,3027,28,4258,45,35,0,0,0,0,0,0,0,0,0,0,0,0,0,0,0,0,0,0,0,0,2ZJR|1|X
{'NR_all_17405.6'},,,,,,,,,,,,,,,,,,,,,,,,,,,,
2zjr,1,2806,3027,28,4258,45,35,0,0,0,0,0,0,0,0,0,0,0,0,0,0,0,0,0,0,0,0,2ZJR|1|Y
5dm7,1,2902,3487,144,21879,257,186,0,0,0,0,0,0,0,0,0,0,0,0,0,0,0,0,0,0,0,0,5DM7|1|Y
5dm6,1,2902,3487,157,23206,211,198,0,0,0,0,0,0,0,0,0,0,0,0,0,0,0,0,0,0,0,0,5DM6|1|Y
{'NR_all_56893.1'},,,,,,,,,,,,,,,,,,,,,,,,,,,,
3p59,1,90,0,2,243,0,2,0,0,0,0,0,0,0,0,10,0,0,0,0,0,0,0,0,0,0,0,3P59|1|E+3P59|1|A+3P59|1|C+3P59|1|G+3P59|1|B+3P59|1|D+3P59|1|F+3P59|1|H
{'NR_all_16232.1'},,,,,,,,,,,,,,,,,,,,,,,,,,,,
5v0h,1,28,0,2,68,0,2,0,0,0,0,0,0,0,0,0,0,0,0,0,0,0,0,0,0,0,0,5V0H|1|A+5V0H|1|B
6c8o,1,28,0,4,188,0,4,0,0,0,0,0,0,0,0,0,0,0,0,0,0,0,0,0,0,0,0,6C8O|1|A+6C8O|1|B
5l00,1,60,0,4,163,0,4,0,0,0,0,0,0,0,0,0,0,0,0,0,0,0,0,0,0,0,0,5L00|1|A+5L00|1|B
5l00,1,60,0,4,163,0,4,0,0,0,0,0,0,0,0,0,0,0,0,0,0,0,0,0,0,0,0,5L00|1|C+5L00|1|D
{'NR_all_08692.2'},,,,,,,,,,,,,,,,,,,,,,,,,,,,
3l3c,1,608,360,16,1917,0,16,0,0,0,0,0,0,0,0,0,0,0,0,0,0,0,0,0,0,0,0,3L3C|1|R
3g8t,1,608,358,10,1134,0,10,0,0,0,0,0,0,0,0,0,0,0,0,0,0,0,0,0,0,0,0,3G8T|1|P
3l3c,1,608,360,16,1917,0,16,0,0,0,0,0,0,0,0,0,0,0,0,0,0,0,0,0,0,0,0,3L3C|1|P
3g9c,1,598,360,3,331,0,3,0,0,0,0,0,0,0,0,0,0,0,0,0,0,0,0,0,0,0,0,3G9C|1|R
2nz4,1,608,364,16,1943,0,16,0,0,0,0,0,0,0,0,0,0,0,0,0,0,0,0,0,0,0,0,2NZ4|1|Q
2nz4,1,608,364,16,1943,0,16,0,0,0,0,0,0,0,0,0,0,0,0,0,0,0,0,0,0,0,0,2NZ4|1|R
3l3c,1,608,360,16,1917,0,16,0,0,0,0,0,0,0,0,0,0,0,0,0,0,0,0,0,0,0,0,3L3C|1|S
3g9c,1,598,360,3,331,0,3,0,0,0,0,0,0,0,0,0,0,0,0,0,0,0,0,0,0,0,0,3G9C|1|P
3g9c,1,598,360,3,331,0,3,0,0,0,0,0,0,0,0,0,0,0,0,0,0,0,0,0,0,0,0,3G9C|1|S
3g8t,1,608,358,10,1134,0,10,0,0,0,0,0,0,0,0,0,0,0,0,0,0,0,0,0,0,0,0,3G8T|1|S
3l3c,1,608,360,16,1917,0,16,0,0,0,0,0,0,0,0,0,0,0,0,0,0,0,0,0,0,0,0,3L3C|1|Q
3g9c,1,598,360,3,331,0,3,0,0,0,0,0,0,0,0,0,0,0,0,0,0,0,0,0,0,0,0,3G9C|1|Q
2nz4,1,608,364,16,1943,0,16,0,0,0,0,0,0,0,0,0,0,0,0,0,0,0,0,0,0,0,0,2NZ4|1|P
3g8t,1,608,358,10,1134,0,10,0,0,0,0,0,0,0,0,0,0,0,0,0,0,0,0,0,0,0,0,3G8T|1|Q
3g8t,1,608,358,10,1134,0,10,0,0,0,0,0,0,0,0,0,0,0,0,0,0,0,0,0,0,0,0,3G8T|1|R
2nz4,1,608,364,16,1943,0,16,0,0,0,0,0,0,0,0,0,0,0,0,0,0,0,0,0,0,0,0,2NZ4|1|S
{'NR_all_01073.1'},,,,,,,,,,,,,,,,,,,,,,,,,,,,
5nwq,1,80,0,3,482,0,3,8,1,0,0,0,0,0,0,0,0,0,0,0,0,0,0,0,0,0,0,5NWQ|1|A
5o69,1,75,0,1,166,0,1,0,0,0,0,0,0,0,0,0,0,0,0,0,0,0,0,0,0,0,0,5O69|1|A
5o62,1,72,0,1,106,0,1,0,0,0,0,0,0,0,0,0,0,0,0,0,0,0,0,0,0,0,0,5O62|1|B
5nzd,1,80,0,9,1055,0,9,2,0,0,0,0,0,0,0,0,0,0,0,0,0,0,0,0,0,0,0,5NZD|1|A
5o69,1,75,0,1,166,0,1,0,0,0,0,0,0,0,0,0,0,0,0,0,0,0,0,0,0,0,0,5O69|1|B
5nwq,1,80,0,3,482,0,3,8,1,0,0,0,0,0,0,0,0,0,0,0,0,0,0,0,0,0,0,5NWQ|1|B
5ny8,1,80,0,3,551,0,3,1,0,0,0,0,0,0,0,0,0,0,0,0,0,0,0,0,0,0,0,5NY8|1|A
5ny8,1,80,0,3,551,0,3,1,0,0,0,0,0,0,0,0,0,0,0,0,0,0,0,0,0,0,0,5NY8|1|B
5nzd,1,80,0,9,1055,0,9,2,0,0,0,0,0,0,0,0,0,0,0,0,0,0,0,0,0,0,0,5NZD|1|B
5nz3,1,80,0,5,919,0,5,4,0,0,0,0,0,0,0,0,0,0,0,0,0,0,0,0,0,0,0,5NZ3|1|A
5o62,1,72,0,1,106,0,1,0,0,0,0,0,0,0,0,0,0,0,0,0,0,0,0,0,0,0,0,5O62|1|A
5nz3,1,80,0,5,919,0,5,4,0,0,0,0,0,0,0,0,0,0,0,0,0,0,0,0,0,0,0,5NZ3|1|B
{'NR_all_21705.1'},,,,,,,,,,,,,,,,,,,,,,,,,,,,
3ski,1,135,0,4,334,0,4,0,0,0,0,0,0,0,0,0,0,0,0,0,0,0,0,0,0,0,0,3SKI|1|B
3slm,1,136,0,3,198,0,3,0,0,0,0,0,0,0,0,0,0,0,0,0,0,0,0,0,0,0,0,3SLM|1|A
3slm,1,136,0,3,198,0,3,0,0,0,0,0,0,0,0,0,0,0,0,0,0,0,0,0,0,0,0,3SLM|1|B
3skz,1,134,0,3,259,0,3,0,0,0,0,0,0,0,0,0,0,0,0,0,0,0,0,0,0,0,0,3SKZ|1|B
3skz,1,134,0,3,259,0,3,0,0,0,0,0,0,0,0,0,0,0,0,0,0,0,0,0,0,0,0,3SKZ|1|A
3ski,1,135,0,4,334,0,4,0,0,0,0,0,0,0,0,0,0,0,0,0,0,0,0,0,0,0,0,3SKI|1|A
{'NR_all_89202.1'},,,,,,,,,,,,,,,,,,,,,,,,,,,,
3q51,1,31,0,1,120,0,1,0,0,0,0,0,0,0,0,0,0,0,0,0,0,0,0,0,0,0,0,3Q51|1|A
{'NR_all_78706.1'},,,,,,,,,,,,,,,,,,,,,,,,,,,,
1y3s,1,44,0,2,233,0,2,0,3,0,0,0,0,0,0,0,0,0,0,0,0,0,0,0,0,0,0,1Y3S|1|A+1Y3S|1|B
1xp7,1,44,0,4,454,0,4,1,0,0,0,0,0,0,0,0,0,0,0,0,0,0,0,0,0,0,0,1XP7|1|A+1XP7|1|B
1xpe,1,44,0,2,222,0,2,4,0,0,0,0,0,0,0,0,0,0,0,0,0,0,0,0,0,0,0,1XPE|1|A+1XPE|1|B
1xpf,1,44,0,3,195,0,3,1,0,0,0,0,0,0,0,0,0,0,0,0,0,0,0,0,0,0,0,1XPF|1|A+1XPF|1|B
2b8r,1,44,0,6,415,0,6,1,0,0,0,0,0,0,0,0,0,0,0,0,0,0,0,0,0,0,0,2B8R|1|A+2B8R|1|B
2b8s,1,44,0,6,481,0,6,2,0,0,0,0,0,0,0,0,0,0,0,0,0,0,0,0,0,0,0,2B8S|1|A+2B8S|1|B
{'NR_all_83745.1'},,,,,,,,,,,,,,,,,,,,,,,,,,,,
5t3k,1,62,0,10,985,0,10,0,0,0,0,0,0,0,0,0,0,0,0,0,0,0,0,0,0,0,0,5T3K|1|A+5T3K|1|B
5t3k,1,62,0,10,985,0,10,0,0,0,0,0,0,0,0,0,0,0,0,0,0,0,0,0,0,0,0,5T3K|1|C+5T3K|1|D
{'NR_all_25585.3'},,,,,,,,,,,,,,,,,,,,,,,,,,,,
4z4f,1,27,801,2,244,40,3,0,0,0,0,0,0,0,0,0,0,0,0,0,0,0,0,0,0,0,0,4Z4F|1|B+4Z4F|1|D
6cbd,1,28,790,2,240,39,3,0,0,0,0,0,0,0,0,0,0,0,0,0,0,0,0,0,0,0,0,6CBD|1|B+6CBD|1|C
4z4g,1,27,799,2,242,40,3,0,0,0,0,0,0,0,0,0,0,0,0,0,0,0,0,0,0,0,0,4Z4G|1|B+4Z4G|1|D
4z4i,1,27,800,2,251,39,3,0,0,0,0,0,0,0,0,0,0,0,0,0,0,0,0,0,0,0,0,4Z4I|1|B+4Z4I|1|D
4z4e,1,27,802,2,243,40,3,0,0,0,0,0,0,0,0,0,0,0,0,0,0,0,0,0,0,0,0,4Z4E|1|B+4Z4E|1|D
4w5r,1,20,803,1,110,38,2,0,0,0,0,0,0,0,0,0,0,0,0,0,0,0,0,0,0,0,0,4W5R|1|B+4W5R|1|D
4w5t,1,25,807,1,141,39,2,0,0,0,0,0,0,0,0,0,0,0,0,0,0,0,0,0,0,0,0,4W5T|1|B+4W5T|1|D
4z4d,1,28,808,2,242,40,3,0,0,0,0,0,0,0,0,0,0,0,0,0,0,0,0,0,0,0,0,4Z4D|1|B+4Z4D|1|D
4z4c,1,27,803,2,242,40,3,0,0,0,0,0,0,0,0,0,0,0,0,0,0,0,0,0,0,0,0,4Z4C|1|B+4Z4C|1|D
4z4h,1,27,802,2,245,40,3,0,0,0,0,0,0,0,0,0,0,0,0,0,0,0,0,0,0,0,0,4Z4H|1|B+4Z4H|1|D
4w5o,1,29,801,2,242,40,3,0,0,0,0,0,0,0,0,0,0,0,0,0,0,0,0,0,0,0,0,4W5O|1|B+4W5O|1|D
{'NR_all_83080.1'},,,,,,,,,,,,,,,,,,,,,,,,,,,,
2qwy,1,156,3,1,58,0,1,0,0,0,0,0,0,0,0,0,0,0,2,0,0,0,0,0,0,0,0,2QWY|1|A
2qwy,1,156,3,1,58,0,1,0,0,0,0,0,0,0,0,0,0,0,2,0,0,0,0,0,0,0,0,2QWY|1|C
2qwy,1,156,3,1,58,0,1,0,0,0,0,0,0,0,0,0,0,0,2,0,0,0,0,0,0,0,0,2QWY|1|B
{'NR_all_66115.1'},,,,,,,,,,,,,,,,,,,,,,,,,,,,
6cc1,1,192,0,1,110,0,1,0,0,0,0,0,23,0,0,0,0,0,0,0,0,8,0,0,0,0,0,6CC1|1|A
6cc3,1,192,0,16,1718,0,16,0,0,0,0,0,12,0,0,0,0,0,0,0,0,0,0,0,0,0,0,6CC3|1|A
6cb3,1,198,0,6,631,0,6,0,0,0,0,0,38,0,0,0,0,0,0,0,0,13,0,0,0,0,0,6CB3|1|B
6cc1,1,192,0,1,110,0,1,0,0,0,0,0,23,0,0,0,0,0,0,0,0,8,0,0,0,0,0,6CC1|1|B
6cb3,1,198,0,6,631,0,6,0,0,0,0,0,38,0,0,0,0,0,0,0,0,13,0,0,0,0,0,6CB3|1|A
6cc3,1,192,0,16,1718,0,16,0,0,0,0,0,12,0,0,0,0,0,0,0,0,0,0,0,0,0,0,6CC3|1|B
{'NR_all_97151.2'},,,,,,,,,,,,,,,,,,,,,,,,,,,,
4pdq,1,44,0,2,264,0,2,0,0,0,0,0,0,0,0,0,0,0,0,0,0,0,0,0,0,0,0,4PDQ|1|A+4PDQ|1|B
1yrj,1,43,0,1,107,0,1,0,1,0,0,0,0,0,0,0,0,0,0,0,0,0,0,0,0,0,0,1YRJ|1|A+1YRJ|1|B
{'NR_all_99432.1'},,,,,,,,,,,,,,,,,,,,,,,,,,,,
1duh,1,44,0,1,49,0,1,0,0,0,0,0,0,0,0,0,0,0,0,0,0,0,0,0,0,0,0,1DUH|1|A
{'NR_all_27756.1'},,,,,,,,,,,,,,,,,,,,,,,,,,,,
3d2g,1,154,0,10,1024,0,10,0,0,0,0,0,0,0,0,0,0,0,0,0,0,0,0,0,0,0,0,3D2G|1|A
3d2v,1,154,0,10,1112,0,10,0,0,0,0,0,0,0,0,0,0,0,0,0,0,0,0,0,0,0,0,3D2V|1|A
3d2g,1,154,0,10,1024,0,10,0,0,0,0,0,0,0,0,0,0,0,0,0,0,0,0,0,0,0,0,3D2G|1|B
3d2x,1,154,0,13,1268,0,13,0,0,0,0,0,0,0,0,0,0,0,0,0,0,0,0,0,0,0,0,3D2X|1|A
2cky,1,154,0,10,1019,0,10,0,0,0,0,0,0,0,0,0,0,0,0,0,0,0,0,0,0,0,0,2CKY|1|B
3d2x,1,154,0,13,1268,0,13,0,0,0,0,0,0,0,0,0,0,0,0,0,0,0,0,0,0,0,0,3D2X|1|B
2cky,1,154,0,10,1019,0,10,0,0,0,0,0,0,0,0,0,0,0,0,0,0,0,0,0,0,0,0,2CKY|1|A
3d2v,1,154,0,10,1112,0,10,0,0,0,0,0,0,0,0,0,0,0,0,0,0,0,0,0,0,0,0,3D2V|1|B
{'NR_all_78506.1'},,,,,,,,,,,,,,,,,,,,,,,,,,,,
2zy6,1,38,0,1,111,0,1,0,0,0,0,0,0,0,0,0,0,0,0,0,7,0,0,0,0,0,0,2ZY6|1|A
{'NR_all_69516.1'},,,,,,,,,,,,,,,,,,,,,,,,,,,,
1y26,1,69,0,5,467,0,5,0,0,0,0,0,0,0,0,0,0,0,0,0,0,0,0,0,0,0,0,1Y26|1|X
{'NR_all_47203.1'},,,,,,,,,,,,,,,,,,,,,,,,,,,,
3f2q,1,109,0,14,1348,0,14,0,2,0,0,0,0,0,0,0,0,0,0,0,0,0,0,0,0,0,0,3F2Q|1|X
{'NR_all_82809.4'},,,,,,,,,,,,,,,,,,,,,,,,,,,,
2gis,1,94,1,2,193,0,2,0,0,0,0,0,0,0,4,0,0,0,0,0,0,0,0,0,0,0,0,2GIS|1|A
3gx2,1,94,1,7,856,0,7,0,0,0,0,0,0,0,0,0,0,0,0,0,0,0,0,0,0,0,0,3GX2|1|A
3gx7,1,94,1,6,726,0,6,0,0,0,0,0,0,0,0,0,0,0,0,0,0,0,0,0,0,0,0,3GX7|1|A
3gx3,1,94,1,9,1108,0,9,0,1,0,0,0,0,0,0,0,0,0,0,0,0,0,0,0,0,0,0,3GX3|1|A
3gx5,1,94,1,8,1011,0,8,0,1,0,0,0,0,0,0,0,0,0,0,0,0,0,0,0,0,0,0,3GX5|1|A
{'NR_all_74260.1'},,,,,,,,,,,,,,,,,,,,,,,,,,,,
5btm,1,86,0,3,296,0,3,2,0,0,0,0,0,0,0,0,0,0,0,0,0,0,0,0,0,0,0,5BTM|1|B
5btm,1,86,0,3,296,0,3,2,0,0,0,0,0,0,0,0,0,0,0,0,0,0,0,0,0,0,0,5BTM|1|A
{'NR_all_27657.1'},,,,,,,,,,,,,,,,,,,,,,,,,,,,
5vj9,1,60,0,1,106,0,1,0,1,0,0,0,0,0,0,0,0,0,0,0,0,0,0,0,0,0,0,5VJ9|1|C
5vjb,1,60,0,1,109,0,1,0,0,0,0,0,0,0,0,0,0,0,0,0,0,0,0,0,0,0,0,5VJB|1|B
5vjb,1,60,0,1,109,0,1,0,0,0,0,0,0,0,0,0,0,0,0,0,0,0,0,0,0,0,0,5VJB|1|D
5vj9,1,60,0,1,106,0,1,0,1,0,0,0,0,0,0,0,0,0,0,0,0,0,0,0,0,0,0,5VJ9|1|B
5vjb,1,60,0,1,109,0,1,0,0,0,0,0,0,0,0,0,0,0,0,0,0,0,0,0,0,0,0,5VJB|1|A
5vjb,1,60,0,1,109,0,1,0,0,0,0,0,0,0,0,0,0,0,0,0,0,0,0,0,0,0,0,5VJB|1|C
5vj9,1,60,0,1,106,0,1,0,1,0,0,0,0,0,0,0,0,0,0,0,0,0,0,0,0,0,0,5VJ9|1|A
5vj9,1,60,0,1,106,0,1,0,1,0,0,0,0,0,0,0,0,0,0,0,0,0,0,0,0,0,0,5VJ9|1|D
{'NR_all_54657.1'},,,,,,,,,,,,,,,,,,,,,,,,,,,,
2g5k,1,44,0,2,142,0,2,0,0,0,0,0,0,0,0,2,0,0,0,0,0,0,0,0,0,0,0,2G5K|1|A+2G5K|1|B
2fqn,1,43,0,2,186,0,2,0,0,0,0,0,0,0,0,3,0,0,0,0,0,0,0,0,0,0,0,2FQN|1|A+2FQN|1|B
{'NR_all_47330.1'},,,,,,,,,,,,,,,,,,,,,,,,,,,,
3skw,1,130,0,2,225,0,2,0,0,0,0,0,0,0,0,0,0,0,6,0,0,0,0,0,0,0,0,3SKW|1|B
3skl,1,130,0,6,638,0,6,0,0,0,0,0,0,0,10,0,0,0,0,0,0,0,0,0,0,0,0,3SKL|1|B
3skw,1,130,0,2,225,0,2,0,0,0,0,0,0,0,0,0,0,0,6,0,0,0,0,0,0,0,0,3SKW|1|A
3skl,1,130,0,6,638,0,6,0,0,0,0,0,0,0,10,0,0,0,0,0,0,0,0,0,0,0,0,3SKL|1|A
{'NR_all_01949.1'},,,,,,,,,,,,,,,,,,,,,,,,,,,,
6c8i,1,26,0,2,24,0,2,0,0,0,0,0,0,0,0,0,0,0,0,0,0,0,0,0,0,0,0,6C8I|1|A+6C8I|1|B
6c8k,1,26,0,4,114,0,4,0,0,0,0,0,0,0,0,0,0,0,0,0,0,0,0,0,0,0,0,6C8K|1|A+6C8K|1|B
5uee,1,26,0,6,65,0,6,0,0,0,0,0,0,0,0,0,0,0,0,0,0,0,0,0,0,0,0,5UEE|1|A+5UEE|1|B
6c8l,1,26,0,4,107,0,4,0,0,0,0,0,0,0,0,0,0,0,0,0,0,0,0,0,0,0,0,6C8L|1|A+6C8L|1|B
6c8j,1,26,0,6,378,0,6,0,0,0,0,0,0,0,0,0,0,0,0,0,0,0,0,0,0,0,0,6C8J|1|A+6C8J|1|B
6c8d,1,30,0,9,774,0,9,0,0,0,0,0,0,0,0,0,0,0,0,0,0,0,0,0,0,0,0,6C8D|1|A+6C8D|1|B
{'NR_all_65028.2'},,,,,,,,,,,,,,,,,,,,,,,,,,,,
301d,1,39,0,5,390,0,5,0,0,0,0,0,0,0,0,0,0,0,0,0,0,0,0,0,0,0,0,301D|1|B+301D|1|A
{'NR_all_04754.1'},,,,,,,,,,,,,,,,,,,,,,,,,,,,
5u3g,1,84,0,24,3407,0,24,0,1,0,0,0,0,0,0,0,0,0,0,0,0,0,0,0,0,0,0,5U3G|1|B
{'NR_all_86436.1'},,,,,,,,,,,,,,,,,,,,,,,,,,,,
2nok,1,84,0,8,910,0,8,0,0,5,0,0,0,0,0,0,0,0,0,0,0,0,0,0,0,0,0,2NOK|1|A+2NOK|1|B
2pn3,1,42,0,2,270,0,2,0,0,0,0,0,0,0,0,0,0,0,0,0,0,0,0,0,0,0,0,2PN3|1|A+2PN3|1|B
2nok,1,84,0,8,910,0,8,0,0,5,0,0,0,0,0,0,0,0,0,0,0,0,0,0,0,0,0,2NOK|1|C+2NOK|1|D
{'NR_all_19502.2'},,,,,,,,,,,,,,,,,,,,,,,,,,,,
4rge,1,161,0,27,3166,0,27,0,0,0,0,0,0,0,0,0,0,0,0,0,0,0,0,0,0,0,0,4RGE|1|A
4rge,1,161,0,27,3166,0,27,0,0,0,0,0,0,0,0,0,0,0,0,0,0,0,0,0,0,0,0,4RGE|1|C
5dun,1,53,0,8,956,0,8,0,1,0,0,0,0,0,0,0,0,0,0,0,0,0,0,0,0,0,0,5DUN|1|A
4rge,1,161,0,27,3166,0,27,0,0,0,0,0,0,0,0,0,0,0,0,0,0,0,0,0,0,0,0,4RGE|1|B
{'NR_all_40570.1'},,,,,,,,,,,,,,,,,,,,,,,,,,,,
6ck5,1,205,0,8,830,0,8,0,3,0,0,0,0,0,0,0,0,0,0,0,0,20,0,0,0,0,0,6CK5|1|B
6ck5,1,205,0,8,830,0,8,0,3,0,0,0,0,0,0,0,0,0,0,0,0,20,0,0,0,0,0,6CK5|1|A
{'NR_all_82984.1'},,,,,,,,,,,,,,,,,,,,,,,,,,,,
4ena,1,51,0,7,724,0,7,0,0,0,0,0,0,0,0,0,0,0,5,0,0,0,0,0,0,0,0,4ENA|1|A
4enc,1,52,0,5,511,0,5,0,1,0,0,0,0,0,0,0,0,0,0,0,0,0,0,0,0,0,0,4ENC|1|A
4enb,1,51,0,7,650,0,7,0,1,0,0,0,0,0,4,0,0,0,0,0,0,0,0,0,0,0,0,4ENB|1|A
4en5,1,51,0,9,888,0,9,0,0,0,0,0,0,0,0,0,0,0,0,0,0,0,0,0,0,0,6,4EN5|1|A
{'NR_all_08831.2'},,,,,,,,,,,,,,,,,,,,,,,,,,,,
4xco,1,190,419,9,2205,79,14,1,0,0,0,0,0,0,0,0,0,0,0,0,0,0,0,0,0,0,0,4XCO|1|M
1lng,1,96,87,2,191,0,2,0,0,0,0,0,0,0,0,0,0,0,0,0,0,0,0,0,0,0,0,1LNG|1|B
4xco,1,190,419,9,2205,79,14,1,0,0,0,0,0,0,0,0,0,0,0,0,0,0,0,0,0,0,0,4XCO|1|E
{'NR_all_47162.1'},,,,,,,,,,,,,,,,,,,,,,,,,,,,
2qbz,1,153,0,6,783,0,6,0,4,0,0,0,0,0,0,0,0,0,0,0,0,0,0,0,0,0,0,2QBZ|1|X
{'NR_all_07184.1'},,,,,,,,,,,,,,,,,,,,,,,,,,,,
2uxc,1,1526,2396,148,21786,480,192,0,26,0,2,0,0,0,0,0,0,0,0,0,0,0,0,0,0,0,0,2UXC|1|X+2UXC|1|Y
{'NR_all_32544.1'},,,,,,,,,,,,,,,,,,,,,,,,,,,,
1lnt,1,22,0,4,270,0,4,0,0,0,0,0,0,0,0,0,0,0,0,0,3,0,0,0,0,0,0,1LNT|1|A+1LNT|1|B
{'NR_all_31898.1'},,,,,,,,,,,,,,,,,,,,,,,,,,,,
5u0q,1,24,0,3,142,0,3,0,0,0,0,0,0,0,0,1,0,0,0,0,0,0,0,0,0,0,0,5U0Q|1|A+5U0Q|1|B
5u0q,1,24,0,3,142,0,3,0,0,0,0,0,0,0,0,1,0,0,0,0,0,0,0,0,0,0,0,5U0Q|1|C+5U0Q|1|D
{'NR_all_23049.1'},,,,,,,,,,,,,,,,,,,,,,,,,,,,
1dk1,1,59,86,7,725,3,9,2,1,0,0,0,0,0,0,0,0,0,0,0,0,0,0,0,0,0,0,1DK1|1|B
1f7y,1,59,86,7,727,3,9,2,1,0,0,0,0,0,0,0,0,0,0,0,0,0,0,0,0,0,0,1F7Y|1|B
{'NR_all_14136.1'},,,,,,,,,,,,,,,,,,,,,,,,,,,,
1dfu,1,36,94,4,608,7,5,0,0,0,0,0,0,0,0,0,0,0,0,0,0,0,0,0,0,0,0,1DFU|1|M+1DFU|1|N
{'NR_all_08212.1'},,,,,,,,,,,,,,,,,,,,,,,,,,,,
1xjr,1,46,0,2,318,0,2,0,0,0,0,0,0,0,0,0,0,0,0,0,0,0,0,0,0,0,0,1XJR|1|A
{'NR_all_59689.4'},,,,,,,,,,,,,,,,,,,,,,,,,,,,
5uza,1,71,0,3,404,0,3,0,0,0,0,0,0,0,0,0,0,0,0,0,0,0,0,0,0,0,0,5UZA|1|X
4tzy,1,71,0,2,207,0,2,0,0,0,0,7,0,0,0,0,0,0,0,0,0,0,0,0,0,0,0,4TZY|1|X
4xnr,1,71,0,6,675,0,6,0,0,0,0,0,0,0,0,0,0,0,0,0,0,0,0,0,0,0,0,4XNR|1|X
4tzx,1,71,0,9,891,0,9,0,0,0,0,0,0,0,0,0,0,0,0,0,0,0,0,0,0,0,0,4TZX|1|X
{'NR_all_57460.2'},,,,,,,,,,,,,,,,,,,,,,,,,,,,
4p95,1,190,0,3,366,0,3,1,0,0,0,0,0,0,0,0,0,0,0,0,0,0,0,0,0,0,0,4P95|1|A
6gyv,1,191,0,2,283,0,2,1,0,0,0,0,0,0,0,0,0,0,0,0,0,0,0,0,0,0,0,6GYV|1|A
4p9r,1,190,0,3,355,0,3,0,0,0,0,0,0,0,10,0,0,0,0,0,0,0,0,0,0,0,0,4P9R|1|A
{'NR_all_18889.3'},,,,,,,,,,,,,,,,,,,,,,,,,,,,
2yie,1,110,0,14,1351,0,14,0,2,0,0,0,0,0,0,0,0,0,0,0,0,0,0,0,0,0,0,2YIE|1|X+2YIE|1|Z
5kx9,1,108,0,4,419,0,4,0,7,0,0,0,0,0,0,0,0,0,0,0,0,0,0,0,0,0,0,5KX9|1|X+5KX9|1|Y
5c45,1,109,0,2,275,0,2,0,6,0,0,0,0,0,0,0,0,0,0,0,0,0,0,0,0,0,0,5C45|1|X+5C45|1|Y
{'NR_all_42241.1'},,,,,,,,,,,,,,,,,,,,,,,,,,,,
4nyd,1,79,0,6,478,0,6,0,0,4,0,0,0,0,0,0,0,0,0,0,0,0,0,0,0,0,0,4NYD|1|A
2gdi,1,158,0,6,689,0,6,2,3,0,0,0,0,0,0,0,0,0,0,0,0,0,0,0,0,0,0,2GDI|1|Y
2hoj,1,78,0,2,240,0,2,0,0,12,0,0,0,0,0,0,0,0,0,0,0,0,0,0,0,0,0,2HOJ|1|A
4nya,1,158,0,15,1310,0,15,0,0,0,0,0,0,0,0,0,0,0,0,0,0,0,0,0,0,0,0,4NYA|1|B
2hol,1,78,0,1,147,0,1,0,0,0,0,0,0,0,0,0,0,0,0,0,4,9,0,0,0,0,0,2HOL|1|A
2hom,1,79,0,4,392,0,4,0,0,0,0,0,0,0,0,0,0,0,0,0,2,0,0,0,0,0,0,2HOM|1|A
2gdi,1,158,0,6,689,0,6,2,3,0,0,0,0,0,0,0,0,0,0,0,0,0,0,0,0,0,0,2GDI|1|X
4nya,1,158,0,15,1310,0,15,0,0,0,0,0,0,0,0,0,0,0,0,0,0,0,0,0,0,0,0,4NYA|1|A
{'NR_all_35535.1'},,,,,,,,,,,,,,,,,,,,,,,,,,,,
1vq6,1,2869,3776,69,13606,461,117,86,2,0,0,0,5,0,0,0,0,0,0,0,0,0,0,0,0,0,0,1VQ6|1|4
{'NR_all_46720.2'},,,,,,,,,,,,,,,,,,,,,,,,,,,,
5ddr,1,120,190,8,1059,44,11,4,7,0,0,0,0,0,0,0,0,0,7,0,0,0,0,0,0,0,0,5DDR|1|B
5ddp,1,120,189,7,950,16,9,10,0,0,0,0,0,0,0,0,0,0,0,0,0,0,0,0,0,0,0,5DDP|1|A
5ddr,1,120,190,8,1059,44,11,4,7,0,0,0,0,0,0,0,0,0,7,0,0,0,0,0,0,0,0,5DDR|1|A
5ddp,1,120,189,7,950,16,9,10,0,0,0,0,0,0,0,0,0,0,0,0,0,0,0,0,0,0,0,5DDP|1|B
{'NR_all_31480.1'},,,,,,,,,,,,,,,,,,,,,,,,,,,,
4yaz,1,166,0,5,463,0,5,0,3,0,0,0,0,0,0,0,0,0,0,0,0,0,0,0,0,0,0,4YAZ|1|A
4yb0,1,166,0,5,567,0,5,0,2,0,0,0,0,0,0,0,0,0,0,0,0,0,0,0,0,0,0,4YB0|1|R
4yb0,1,166,0,5,567,0,5,0,2,0,0,0,0,0,0,0,0,0,0,0,0,0,0,0,0,0,0,4YB0|1|A
4yaz,1,166,0,5,463,0,5,0,3,0,0,0,0,0,0,0,0,0,0,0,0,0,0,0,0,0,0,4YAZ|1|R
{'NR_all_52425.1'},,,,,,,,,,,,,,,,,,,,,,,,,,,,
4m30,1,56,438,2,498,134,9,0,0,0,0,0,0,0,0,0,0,0,0,0,0,0,0,0,0,0,0,4M30|1|D
4m2z,1,56,438,1,347,73,6,0,0,0,0,0,0,0,0,0,0,0,0,0,0,0,0,0,0,0,0,4M2Z|1|C
4m30,1,56,438,2,498,134,9,0,0,0,0,0,0,0,0,0,0,0,0,0,0,0,0,0,0,0,0,4M30|1|C
4m2z,1,56,438,1,347,73,6,0,0,0,0,0,0,0,0,0,0,0,0,0,0,0,0,0,0,0,0,4M2Z|1|D
{'NR_all_11791.1'},,,,,,,,,,,,,,,,,,,,,,,,,,,,
4wkj,1,88,0,1,99,0,1,0,0,0,0,0,0,0,0,0,0,0,0,0,0,0,0,0,0,0,0,4WKJ|1|C
4wkj,1,88,0,1,99,0,1,0,0,0,0,0,0,0,0,0,0,0,0,0,0,0,0,0,0,0,0,4WKJ|1|D
4wkj,1,88,0,1,99,0,1,0,0,0,0,0,0,0,0,0,0,0,0,0,0,0,0,0,0,0,0,4WKJ|1|A
4wkj,1,88,0,1,99,0,1,0,0,0,0,0,0,0,0,0,0,0,0,0,0,0,0,0,0,0,0,4WKJ|1|G
{'NR_all_59099.1'},,,,,,,,,,,,,,,,,,,,,,,,,,,,
5aox,1,171,319,4,733,0,4,0,0,0,0,0,0,0,0,0,0,0,0,0,0,0,0,0,0,0,0,5AOX|1|F
5aox,1,171,319,4,733,0,4,0,0,0,0,0,0,0,0,0,0,0,0,0,0,0,0,0,0,0,0,5AOX|1|C
{'NR_all_70420.1'},,,,,,,,,,,,,,,,,,,,,,,,,,,,
1j1u,1,73,300,3,347,13,4,0,0,0,0,0,0,0,0,0,0,0,0,0,0,0,0,0,0,0,0,1J1U|1|B
{'NR_all_01779.1'},,,,,,,,,,,,,,,,,,,,,,,,,,,,
4frg,1,168,0,16,1835,0,16,0,0,0,0,0,0,0,17,2,0,0,0,0,0,0,0,0,0,0,0,4FRG|1|B
4frg,1,168,0,16,1835,0,16,0,0,0,0,0,0,0,17,2,0,0,0,0,0,0,0,0,0,0,0,4FRG|1|X
{'NR_all_34126.1'},,,,,,,,,,,,,,,,,,,,,,,,,,,,
3hax,1,72,503,5,439,0,5,0,0,0,1,0,0,0,0,0,0,0,0,0,0,0,0,0,0,0,0,3HAX|1|E
{'NR_all_59317.1'},,,,,,,,,,,,,,,,,,,,,,,,,,,,
6db9,1,60,428,2,269,0,2,0,0,0,0,0,0,0,0,0,0,0,0,0,0,0,0,0,0,0,0,6DB9|1|R
{'NR_all_55424.1'},,,,,,,,,,,,,,,,,,,,,,,,,,,,
3nkb,1,71,0,10,886,0,10,0,0,0,0,0,0,0,0,0,0,0,0,0,0,0,0,0,0,0,0,3NKB|1|B
{'NR_all_73445.1'},,,,,,,,,,,,,,,,,,,,,,,,,,,,
4lx6,1,71,0,5,454,0,5,0,0,0,0,0,0,0,0,0,0,0,0,0,0,0,0,0,0,0,0,4LX6|1|A
4lx5,1,71,0,4,376,0,4,0,0,0,0,0,0,0,0,0,0,0,0,0,0,0,0,0,0,0,0,4LX5|1|A
{'NR_all_79951.1'},,,,,,,,,,,,,,,,,,,,,,,,,,,,
4oji,1,52,0,5,665,0,5,0,0,0,0,0,0,0,0,0,0,0,0,0,0,0,0,0,0,0,0,4OJI|1|A
{'NR_all_04852.2'},,,,,,,,,,,,,,,,,,,,,,,,,,,,
2ply,1,44,410,5,763,225,17,1,0,0,0,0,0,0,0,0,0,0,0,0,2,0,0,0,0,0,0,2PLY|1|E
2ply,1,44,410,5,763,225,17,1,0,0,0,0,0,0,0,0,0,0,0,0,2,0,0,0,0,0,0,2PLY|1|C
{'NR_all_36231.1'},,,,,,,,,,,,,,,,,,,,,,,,,,,,
2anr,1,24,155,2,229,0,2,0,1,0,0,0,0,0,0,0,0,0,0,0,0,0,0,0,0,0,0,2ANR|1|B
2ann,1,23,148,2,241,0,2,0,1,0,0,0,0,0,0,0,0,0,0,0,0,0,0,0,0,0,0,2ANN|1|B
{'NR_all_91539.1'},,,,,,,,,,,,,,,,,,,,,,,,,,,,
5t83,1,90,0,2,97,0,2,0,0,0,0,9,0,0,3,0,0,0,0,0,0,0,0,0,0,0,0,5T83|1|A
{'NR_all_57955.2'},,,,,,,,,,,,,,,,,,,,,,,,,,,,
430d,1,28,0,9,672,0,9,0,0,0,0,0,0,0,0,0,0,0,0,0,0,0,0,0,0,0,0,430D|1|A
{'NR_all_30153.4'},,,,,,,,,,,,,,,,,,,,,,,,,,,,
6tna,1,76,0,4,412,0,4,0,0,0,0,0,0,0,0,0,0,0,0,0,0,0,0,0,0,0,0,6TNA|1|A
1i9v,1,75,0,3,272,0,3,0,0,0,0,0,0,0,0,0,0,0,0,0,0,0,0,0,0,0,0,1I9V|1|A
1tra,1,76,0,5,525,0,5,0,0,0,0,0,0,0,0,0,0,0,0,0,0,0,0,0,0,0,0,1TRA|1|A
1tn2,1,76,0,5,279,0,5,0,0,0,0,0,0,0,0,0,0,0,0,0,0,0,0,0,0,0,0,1TN2|1|A
1tn1,1,76,0,5,279,0,5,0,0,0,0,0,0,0,0,0,0,0,0,0,0,0,0,0,0,0,0,1TN1|1|A
1ehz,1,76,0,6,663,0,6,0,0,3,0,0,0,0,0,0,0,0,0,0,0,0,0,0,0,0,0,1EHZ|1|A
4tra,1,76,0,4,398,0,4,0,0,0,0,0,0,0,0,0,0,0,0,0,0,0,0,0,0,0,0,4TRA|1|A
4tna,1,76,0,4,283,0,4,0,0,0,0,0,0,0,0,0,0,0,0,0,0,0,0,0,0,0,0,4TNA|1|A
{'NR_all_77140.1'},,,,,,,,,,,,,,,,,,,,,,,,,,,,
5xus,1,75,1208,1,187,27,2,3,0,0,0,0,0,0,0,0,0,0,0,0,0,0,0,0,0,0,0,5XUS|1|B
{'NR_all_34221.1'},,,,,,,,,,,,,,,,,,,,,,,,,,,,
1b23,1,74,406,1,145,50,3,0,0,0,0,0,0,0,0,0,0,0,0,0,0,0,0,0,0,0,0,1B23|1|R
{'NR_all_60142.1'},,,,,,,,,,,,,,,,,,,,,,,,,,,,
2oiu,1,142,0,7,646,0,7,0,0,0,0,0,0,0,0,0,0,0,0,0,0,0,0,0,0,0,0,2OIU|1|P
{'NR_all_36247.1'},,,,,,,,,,,,,,,,,,,,,,,,,,,,
2oiu,1,142,0,7,646,0,7,0,0,0,0,0,0,0,0,0,0,0,0,0,0,0,0,0,0,0,0,2OIU|1|Q
{'NR_all_63152.1'},,,,,,,,,,,,,,,,,,,,,,,,,,,,
1vqn,1,2870,3776,53,10596,403,94,75,2,0,0,114,5,0,0,0,0,0,0,0,0,0,0,0,0,0,0,1VQN|1|4
{'NR_all_86832.1'},,,,,,,,,,,,,,,,,,,,,,,,,,,,
5fj0,1,54,0,3,265,0,3,0,0,0,0,0,0,0,0,0,0,0,0,0,0,0,0,0,0,0,0,5FJ0|1|C
5fj0,1,54,0,3,265,0,3,0,0,0,0,0,0,0,0,0,0,0,0,0,0,0,0,0,0,0,0,5FJ0|1|A+5FJ0|1|B
{'NR_all_45659.1'},,,,,,,,,,,,,,,,,,,,,,,,,,,,
4znp,1,139,0,3,388,0,3,0,0,0,0,0,0,0,0,0,0,0,0,0,0,0,0,0,0,0,0,4ZNP|1|A
4znp,1,139,0,3,388,0,3,0,0,0,0,0,0,0,0,0,0,0,0,0,0,0,0,0,0,0,0,4ZNP|1|B
{'NR_all_82939.1'},,,,,,,,,,,,,,,,,,,,,,,,,,,,
3nd4,1,15,0,1,47,0,1,1,1,0,0,0,0,0,0,0,0,0,0,0,0,0,0,0,0,0,0,3ND4|1|A
{'NR_all_81496.1'},,,,,,,,,,,,,,,,,,,,,,,,,,,,
5y85,1,136,0,26,2634,0,26,0,0,0,0,0,0,0,0,0,0,0,0,0,0,0,0,0,0,0,0,5Y85|1|B
5y85,1,136,0,26,2634,0,26,0,0,0,0,0,0,0,0,0,0,0,0,0,0,0,0,0,0,0,0,5Y85|1|D
{'NR_all_27306.1'},,,,,,,,,,,,,,,,,,,,,,,,,,,,
4jf2,1,76,0,4,270,0,4,0,0,0,0,0,0,0,0,0,0,0,15,0,0,0,0,0,0,0,0,4JF2|1|A
{'NR_all_46884.1'},,,,,,,,,,,,,,,,,,,,,,,,,,,,
1mzp,1,55,217,2,356,4,3,0,0,0,0,0,0,0,0,0,0,0,0,0,0,0,0,0,0,0,0,1MZP|1|B
{'NR_all_10054.2'},,,,,,,,,,,,,,,,,,,,,,,,,,,,
5dh6,1,67,0,5,694,0,5,0,0,0,0,0,0,0,0,0,0,0,0,0,0,0,0,0,0,0,0,5DH6|1|A
5dqk,1,67,0,1,139,0,1,0,4,0,0,0,0,0,0,0,0,0,0,0,0,0,0,0,0,0,0,5DQK|1|A
{'NR_all_30196.1'},,,,,,,,,,,,,,,,,,,,,,,,,,,,
5c9h,1,43,470,2,185,0,2,0,0,0,0,0,0,0,0,0,0,0,0,0,0,0,0,0,0,0,0,5C9H|1|C+5C9H|1|D
{'NR_all_77791.1'},,,,,,,,,,,,,,,,,,,,,,,,,,,,
5c9h,1,43,470,2,185,0,2,0,0,0,0,0,0,0,0,0,0,0,0,0,0,0,0,0,0,0,0,5C9H|1|G+5C9H|1|E
{'NR_all_74174.1'},,,,,,,,,,,,,,,,,,,,,,,,,,,,
5kpy,1,71,1,4,593,16,6,0,0,0,0,0,0,0,12,0,0,0,0,0,0,0,0,0,0,0,0,5KPY|1|A
{'NR_all_36634.1'},,,,,,,,,,,,,,,,,,,,,,,,,,,,
2quw,1,134,0,17,1826,0,17,0,0,0,0,0,0,0,0,0,0,0,0,0,0,0,0,0,0,0,0,2QUW|1|D
2quw,1,134,0,17,1826,0,17,0,0,0,0,0,0,0,0,0,0,0,0,0,0,0,0,0,0,0,0,2QUW|1|B
{'NR_all_45040.1'},,,,,,,,,,,,,,,,,,,,,,,,,,,,
3eph,1,138,804,3,376,172,10,0,0,0,2,0,0,0,0,0,0,0,0,0,0,0,0,0,0,0,0,3EPH|1|F
3eph,1,138,804,3,376,172,10,0,0,0,2,0,0,0,0,0,0,0,0,0,0,0,0,0,0,0,0,3EPH|1|E
{'NR_all_80567.1'},,,,,,,,,,,,,,,,,,,,,,,,,,,,
3gvn,1,12,0,2,144,0,2,0,0,0,0,0,0,0,0,0,0,0,0,0,0,0,0,0,0,0,0,3GVN|1|A+3GVN|1|B
{'NR_all_16825.1'},,,,,,,,,,,,,,,,,,,,,,,,,,,,
1f27,1,28,0,6,628,0,6,0,0,0,0,0,0,0,0,0,0,0,0,0,0,0,0,0,0,0,0,1F27|1|A
{'NR_all_06843.2'},,,,,,,,,,,,,,,,,,,,,,,,,,,,
1ttt,1,228,1218,3,438,117,6,0,0,0,0,0,0,0,0,0,0,0,0,0,0,0,0,0,0,0,0,1TTT|1|D
1ttt,1,228,1218,3,438,117,6,0,0,0,0,0,0,0,0,0,0,0,0,0,0,0,0,0,0,0,0,1TTT|1|F
1ttt,1,228,1218,3,438,117,6,0,0,0,0,0,0,0,0,0,0,0,0,0,0,0,0,0,0,0,0,1TTT|1|E
1evv,1,76,0,10,744,0,10,0,0,0,0,0,0,0,0,0,0,0,0,0,0,0,0,0,0,0,0,1EVV|1|A
{'NR_all_26186.1'},,,,,,,,,,,,,,,,,,,,,,,,,,,,
4jrc,1,112,0,2,207,0,2,0,0,0,0,0,0,0,0,0,0,0,0,0,0,0,0,0,0,0,0,4JRC|1|B
4jrc,1,112,0,2,207,0,2,0,0,0,0,0,0,0,0,0,0,0,0,0,0,0,0,0,0,0,0,4JRC|1|A
{'NR_all_49696.1'},,,,,,,,,,,,,,,,,,,,,,,,,,,,
5lqt,1,18,0,2,139,0,2,1,0,0,0,0,0,0,0,0,0,0,0,0,1,0,0,0,0,0,0,5LQT|1|A+5LQT|1|B
{'NR_all_26836.2'},,,,,,,,,,,,,,,,,,,,,,,,,,,,
5fj1,1,184,0,21,2015,0,21,3,0,0,0,0,0,0,0,0,0,0,0,0,0,0,0,0,0,0,0,5FJ1|1|E
5fj1,1,184,0,21,2015,0,21,3,0,0,0,0,0,0,0,0,0,0,0,0,0,0,0,0,0,0,0,5FJ1|1|F
5fj1,1,184,0,21,2015,0,21,3,0,0,0,0,0,0,0,0,0,0,0,0,0,0,0,0,0,0,0,5FJ1|1|C
5fj1,1,184,0,21,2015,0,21,3,0,0,0,0,0,0,0,0,0,0,0,0,0,0,0,0,0,0,0,5FJ1|1|A
5fj1,1,184,0,21,2015,0,21,3,0,0,0,0,0,0,0,0,0,0,0,0,0,0,0,0,0,0,0,5FJ1|1|D
5fj1,1,184,0,21,2015,0,21,3,0,0,0,0,0,0,0,0,0,0,0,0,0,0,0,0,0,0,0,5FJ1|1|H
5fj1,1,184,0,21,2015,0,21,3,0,0,0,0,0,0,0,0,0,0,0,0,0,0,0,0,0,0,0,5FJ1|1|G
5fj1,1,184,0,21,2015,0,21,3,0,0,0,0,0,0,0,0,0,0,0,0,0,0,0,0,0,0,0,5FJ1|1|B
{'NR_all_58198.1'},,,,,,,,,,,,,,,,,,,,,,,,,,,,
2r1s,1,24,0,1,92,0,1,5,0,0,0,0,0,0,0,0,0,0,0,0,0,0,0,0,0,0,0,2R1S|1|A+2R1S|1|B
2r20,1,24,0,1,93,0,1,5,0,0,0,0,0,0,0,0,0,0,0,0,0,0,0,0,0,0,0,2R20|1|A+2R20|1|B
{'NR_all_53890.1'},,,,,,,,,,,,,,,,,,,,,,,,,,,,
2ao5,1,36,0,1,86,0,1,0,0,0,0,0,0,0,0,0,0,0,0,0,0,0,0,0,0,0,0,2AO5|1|A+2AO5|1|B
2ao5,1,36,0,1,86,0,1,0,0,0,0,0,0,0,0,0,0,0,0,0,0,0,0,0,0,0,0,2AO5|1|C+2AO5|1|D
{'NR_all_98705.2'},,,,,,,,,,,,,,,,,,,,,,,,,,,,
4g6r,1,57,0,1,99,0,1,0,0,0,0,0,0,0,0,0,0,0,0,0,0,0,0,0,0,0,0,4G6R|1|D+4G6R|1|C+4G6R|1|A+4G6R|1|B
{'NR_all_61644.1'},,,,,,,,,,,,,,,,,,,,,,,,,,,,
1xmq,1,1519,2396,78,12733,136,107,0,0,0,2,0,0,0,0,0,0,0,0,0,0,0,0,0,0,0,0,1XMQ|1|X+1XMQ|1|W
3t1y,1,1526,2397,153,20839,168,186,0,0,0,2,0,0,0,0,0,0,0,0,0,0,0,0,0,0,0,0,3T1Y|1|X+3T1Y|1|W
{'NR_all_46866.1'},,,,,,,,,,,,,,,,,,,,,,,,,,,,
4bwm,1,23,547,2,205,19,3,0,0,0,0,0,0,0,0,0,0,0,0,0,0,0,0,0,0,0,0,4BWM|1|G
{'NR_all_03715.1'},,,,,,,,,,,,,,,,,,,,,,,,,,,,
1qu2,1,74,917,6,884,36,10,0,1,0,2,0,0,0,0,0,0,0,0,0,0,0,0,0,0,0,0,1QU2|1|T
1ffy,1,74,917,6,884,36,10,0,1,0,2,0,0,0,0,0,0,0,0,0,0,0,0,0,0,0,0,1FFY|1|T
{'NR_all_72021.1'},,,,,,,,,,,,,,,,,,,,,,,,,,,,
4pqv,1,68,0,9,922,0,9,0,0,0,0,0,0,0,0,0,0,0,0,0,0,0,0,0,0,0,0,4PQV|1|A
{'NR_all_00536.1'},,,,,,,,,,,,,,,,,,,,,,,,,,,,
4ghl,1,34,501,5,468,139,11,0,0,0,0,0,0,0,0,0,0,0,0,0,0,0,0,0,0,0,0,4GHL|1|E
4ghl,1,34,501,5,468,139,11,0,0,0,0,0,0,0,0,0,0,0,0,0,0,0,0,0,0,0,0,4GHL|1|F
{'NR_all_21174.1'},,,,,,,,,,,,,,,,,,,,,,,,,,,,
5bjo,1,70,0,4,325,0,4,0,4,0,0,0,0,0,0,0,0,0,0,0,0,0,0,0,0,0,0,5BJO|1|Y
5bjp,1,70,0,2,215,0,2,0,4,0,0,0,0,0,2,0,0,0,0,0,0,0,0,0,0,0,0,5BJP|1|Y
5bjo,1,70,0,4,325,0,4,0,4,0,0,0,0,0,0,0,0,0,0,0,0,0,0,0,0,0,0,5BJO|1|E
5bjp,1,70,0,2,215,0,2,0,4,0,0,0,0,0,2,0,0,0,0,0,0,0,0,0,0,0,0,5BJP|1|E
{'NR_all_00143.1'},,,,,,,,,,,,,,,,,,,,,,,,,,,,
4y1i,1,200,0,25,2350,0,25,0,0,3,0,0,0,0,0,0,0,0,0,0,0,19,0,0,0,0,0,4Y1I|1|B
4y1j,1,200,0,24,1951,0,24,0,0,0,0,52,0,0,0,0,0,0,0,0,0,0,0,0,0,0,0,4Y1J|1|B
4y1i,1,200,0,25,2350,0,25,0,0,3,0,0,0,0,0,0,0,0,0,0,0,19,0,0,0,0,0,4Y1I|1|A
4y1j,1,200,0,24,1951,0,24,0,0,0,0,52,0,0,0,0,0,0,0,0,0,0,0,0,0,0,0,4Y1J|1|A
{'NR_all_99953.1'},,,,,,,,,,,,,,,,,,,,,,,,,,,,
1feu,1,76,374,10,1301,53,17,0,0,0,0,0,13,0,0,0,0,0,0,0,0,0,0,0,0,0,0,1FEU|1|F+1FEU|1|E
1feu,1,76,374,10,1301,53,17,0,0,0,0,0,13,0,0,0,0,0,0,0,0,0,0,0,0,0,0,1FEU|1|C+1FEU|1|B
{'NR_all_66984.1'},,,,,,,,,,,,,,,,,,,,,,,,,,,,
3ivn,1,136,0,9,1081,0,9,0,0,0,0,0,0,0,0,0,0,0,0,0,0,0,0,0,0,0,0,3IVN|1|A
3ivn,1,136,0,9,1081,0,9,0,0,0,0,0,0,0,0,0,0,0,0,0,0,0,0,0,0,0,0,3IVN|1|B
{'NR_all_26402.1'},,,,,,,,,,,,,,,,,,,,,,,,,,,,
2nug,1,48,434,3,1288,293,19,0,0,0,0,0,0,0,0,0,0,0,0,0,0,0,0,0,0,0,0,2NUG|1|E+2NUG|1|F+2NUG|1|C+2NUG|1|D
{'NR_all_37028.1'},,,,,,,,,,,,,,,,,,,,,,,,,,,,
5xtm,1,92,244,20,1824,38,24,0,0,0,0,0,0,0,0,0,0,0,0,0,0,0,0,0,0,0,0,5XTM|1|D
{'NR_all_23835.1'},,,,,,,,,,,,,,,,,,,,,,,,,,,,
5xtm,1,92,244,20,1824,38,24,0,0,0,0,0,0,0,0,0,0,0,0,0,0,0,0,0,0,0,0,5XTM|1|B
{'NR_all_53735.1'},,,,,,,,,,,,,,,,,,,,,,,,,,,,
4qlm,1,110,0,2,260,0,2,0,0,0,0,0,0,0,0,0,0,0,0,0,0,0,0,0,0,0,0,4QLM|1|A
4qln,1,124,0,2,262,0,2,0,0,0,0,0,0,0,0,0,0,0,0,0,0,0,0,0,0,0,0,4QLN|1|A
{'NR_all_37735.1'},,,,,,,,,,,,,,,,,,,,,,,,,,,,
437d,1,29,0,1,57,0,1,1,0,0,0,0,0,0,0,0,0,0,0,0,0,0,0,0,0,0,0,437D|1|A
{'NR_all_90215.1'},,,,,,,,,,,,,,,,,,,,,,,,,,,,
1yls,1,96,0,13,1471,0,13,0,0,0,0,0,0,0,0,0,0,0,0,0,0,0,0,0,0,0,0,1YLS|1|B
1yls,1,96,0,13,1471,0,13,0,0,0,0,0,0,0,0,0,0,0,0,0,0,0,0,0,0,0,0,1YLS|1|D
{'NR_all_23226.1'},,,,,,,,,,,,,,,,,,,,,,,,,,,,
5ktj,1,126,0,19,1502,0,19,0,0,0,0,0,0,0,0,10,0,0,0,0,0,0,0,0,0,0,0,5KTJ|1|A
5ktj,1,126,0,19,1502,0,19,0,0,0,0,0,0,0,0,10,0,0,0,0,0,0,0,0,0,0,0,5KTJ|1|C
{'NR_all_52761.1'},,,,,,,,,,,,,,,,,,,,,,,,,,,,
3td0,1,43,0,7,645,0,7,0,0,0,0,0,0,0,0,0,0,0,0,0,0,0,0,0,0,0,0,3TD0|1|B+3TD0|1|A
{'NR_all_55964.1'},,,,,,,,,,,,,,,,,,,,,,,,,,,,
5d5l,1,304,0,15,1723,0,15,0,0,0,0,0,0,0,0,0,0,0,32,0,0,0,0,0,0,0,0,5D5L|1|B
5d5l,1,304,0,15,1723,0,15,0,0,0,0,0,0,0,0,0,0,0,32,0,0,0,0,0,0,0,0,5D5L|1|A
5d5l,1,304,0,15,1723,0,15,0,0,0,0,0,0,0,0,0,0,0,32,0,0,0,0,0,0,0,0,5D5L|1|C
5d5l,1,304,0,15,1723,0,15,0,0,0,0,0,0,0,0,0,0,0,32,0,0,0,0,0,0,0,0,5D5L|1|D
{'NR_all_56345.1'},,,,,,,,,,,,,,,,,,,,,,,,,,,,
5swd,1,135,0,3,318,0,3,0,0,0,0,0,0,0,0,0,0,0,0,0,0,0,0,0,0,0,0,5SWD|1|A
5.00E+54,1,133,0,4,469,0,4,0,0,0,0,0,0,0,0,0,0,0,0,0,0,0,0,0,0,0,0,5E54|1|B
5swd,1,135,0,3,318,0,3,0,0,0,0,0,0,0,0,0,0,0,0,0,0,0,0,0,0,0,0,5SWD|1|B
5.00E+54,1,133,0,4,469,0,4,0,0,0,0,0,0,0,0,0,0,0,0,0,0,0,0,0,0,0,0,5E54|1|A
{'NR_all_49890.1'},,,,,,,,,,,,,,,,,,,,,,,,,,,,
1nuj,1,88,0,10,1165,0,10,0,0,0,0,0,0,0,0,0,0,0,0,0,0,0,0,0,0,0,0,1NUJ|1|C+1NUJ|1|D
1nuv,1,88,0,10,1159,0,10,0,0,0,0,6,0,0,0,0,0,0,0,0,0,0,0,0,0,0,0,1NUV|1|C+1NUV|1|D
429d,1,44,0,2,266,0,2,0,0,0,0,0,0,0,0,0,0,0,0,0,0,0,0,0,0,0,0,429D|1|C+429D|1|D
1nuj,1,88,0,10,1165,0,10,0,0,0,0,0,0,0,0,0,0,0,0,0,0,0,0,0,0,0,0,1NUJ|1|E+1NUJ|1|F
1nuv,1,88,0,10,1159,0,10,0,0,0,0,6,0,0,0,0,0,0,0,0,0,0,0,0,0,0,0,1NUV|1|E+1NUV|1|F
{'NR_all_07779.1'},,,,,,,,,,,,,,,,,,,,,,,,,,,,
1nuj,1,88,0,10,1165,0,10,0,0,0,0,0,0,0,0,0,0,0,0,0,0,0,0,0,0,0,0,1NUJ|1|A+1NUJ|1|B
1nuj,1,88,0,10,1165,0,10,0,0,0,0,0,0,0,0,0,0,0,0,0,0,0,0,0,0,0,0,1NUJ|1|G+1NUJ|1|H
1nuv,1,88,0,10,1159,0,10,0,0,0,0,6,0,0,0,0,0,0,0,0,0,0,0,0,0,0,0,1NUV|1|G+1NUV|1|H
1nuv,1,88,0,10,1159,0,10,0,0,0,0,6,0,0,0,0,0,0,0,0,0,0,0,0,0,0,0,1NUV|1|A+1NUV|1|B
429d,1,44,0,2,266,0,2,0,0,0,0,0,0,0,0,0,0,0,0,0,0,0,0,0,0,0,0,429D|1|A+429D|1|B
{'NR_all_23118.1'},,,,,,,,,,,,,,,,,,,,,,,,,,,,
5v0k,1,12,0,1,34,0,1,0,0,0,0,0,0,0,0,0,0,0,0,0,0,0,0,0,0,0,0,5V0K|1|A
5hby,1,12,0,1,8,0,1,0,0,0,0,0,0,0,0,0,0,0,0,0,0,0,0,0,0,0,0,5HBY|1|A
{'NR_all_26264.1'},,,,,,,,,,,,,,,,,,,,,,,,,,,,
1jid,1,29,114,2,219,0,2,0,0,0,0,0,0,0,0,0,0,0,0,0,0,0,0,0,0,0,0,1JID|1|B
{'NR_all_79282.1'},,,,,,,,,,,,,,,,,,,,,,,,,,,,
3ftm,1,42,0,9,966,0,9,0,2,0,0,0,0,0,0,0,0,0,0,0,0,0,0,0,0,0,0,3FTM|1|D+3FTM|1|C
3ftm,1,42,0,9,966,0,9,0,2,0,0,0,0,0,0,0,0,0,0,0,0,0,0,0,0,0,0,3FTM|1|B+3FTM|1|A
{'NR_all_90969.1'},,,,,,,,,,,,,,,,,,,,,,,,,,,,
2zzn,1,142,673,7,891,0,7,0,0,0,0,0,0,0,0,0,0,0,0,0,0,0,0,0,0,0,0,2ZZN|1|C
2zzn,1,142,673,7,891,0,7,0,0,0,0,0,0,0,0,0,0,0,0,0,0,0,0,0,0,0,0,2ZZN|1|D
{'NR_all_86427.1'},,,,,,,,,,,,,,,,,,,,,,,,,,,,
6dme,1,101,0,13,1318,0,13,0,0,0,0,0,0,0,0,0,0,0,0,0,0,0,0,0,0,0,1,6DME|1|A
6dmd,1,202,0,8,807,0,8,8,1,10,0,0,0,0,0,0,0,0,0,0,0,0,0,0,0,0,0,6DMD|1|A
6dmd,1,202,0,8,807,0,8,8,1,10,0,0,0,0,0,0,0,0,0,0,0,0,0,0,0,0,0,6DMD|1|B
6dmc,1,202,0,21,1990,0,21,10,1,0,0,0,0,0,0,0,0,0,0,0,0,0,0,0,0,0,0,6DMC|1|A
6dmc,1,202,0,21,1990,0,21,10,1,0,0,0,0,0,0,0,0,0,0,0,0,0,0,0,0,0,0,6DMC|1|B
{'NR_all_48352.1'},,,,,,,,,,,,,,,,,,,,,,,,,,,,
4xw7,1,64,0,13,955,0,13,0,0,0,0,0,0,0,4,0,0,0,0,0,0,0,0,0,0,0,0,4XW7|1|A
{'NR_all_49553.1'},,,,,,,,,,,,,,,,,,,,,,,,,,,,
3cun,1,182,182,9,1002,0,9,0,1,0,0,0,0,0,0,1,0,0,0,0,0,0,0,0,0,0,0,3CUN|1|D
3cul,1,183,183,10,1120,0,10,0,1,0,0,0,0,0,0,0,0,0,0,0,0,0,0,0,0,0,0,3CUL|1|D
3cun,1,182,182,9,1002,0,9,0,1,0,0,0,0,0,0,1,0,0,0,0,0,0,0,0,0,0,0,3CUN|1|C
3cul,1,183,183,10,1120,0,10,0,1,0,0,0,0,0,0,0,0,0,0,0,0,0,0,0,0,0,0,3CUL|1|C
{'NR_all_77294.1'},,,,,,,,,,,,,,,,,,,,,,,,,,,,
5ndh,1,60,0,1,135,0,1,4,0,0,0,0,0,0,0,0,0,0,0,0,0,0,0,0,0,0,0,5NDH|1|C
5ndh,1,60,0,1,135,0,1,4,0,0,0,0,0,0,0,0,0,0,0,0,0,0,0,0,0,0,0,5NDH|1|D
5ndh,1,60,0,1,135,0,1,4,0,0,0,0,0,0,0,0,0,0,0,0,0,0,0,0,0,0,0,5NDH|1|A
5ndh,1,60,0,1,135,0,1,4,0,0,0,0,0,0,0,0,0,0,0,0,0,0,0,0,0,0,0,5NDH|1|B
{'NR_all_27557.1'},,,,,,,,,,,,,,,,,,,,,,,,,,,,
4kzd,1,83,440,1,131,0,1,0,1,0,0,0,0,0,0,0,0,0,0,0,0,0,0,0,0,0,0,4KZD|1|R
4kze,1,83,440,1,133,0,1,0,1,0,0,0,0,0,0,0,0,0,0,0,0,0,0,0,0,0,0,4KZE|1|R
6b14,1,83,440,1,129,0,1,0,0,0,0,0,0,0,0,0,0,0,0,0,0,0,0,0,0,0,0,6B14|1|R
{'NR_all_19951.24'},,,,,,,,,,,,,,,,,,,,,,,,,,,,
3l0u,1,73,0,2,207,0,2,0,1,0,0,0,0,0,0,0,0,0,0,0,0,0,0,0,0,0,0,3L0U|1|A
2zm5,1,141,611,5,821,7,7,0,0,0,0,0,0,0,0,0,0,0,0,0,0,0,0,0,0,0,0,2ZM5|1|C
4yco,1,215,950,21,2670,54,25,0,0,3,0,0,0,0,0,0,0,0,0,0,0,0,0,0,0,0,0,4YCO|1|E
4yco,1,215,950,21,2670,54,25,0,0,3,0,0,0,0,0,0,0,0,0,0,0,0,0,0,0,0,0,4YCO|1|D
4yco,1,215,950,21,2670,54,25,0,0,3,0,0,0,0,0,0,0,0,0,0,0,0,0,0,0,0,0,4YCO|1|F
2zxu,1,141,611,6,946,63,10,0,0,0,0,0,0,0,0,0,0,0,0,0,0,0,0,0,0,0,0,2ZXU|1|D
2zxu,1,141,611,6,946,63,10,0,0,0,0,0,0,0,0,0,0,0,0,0,0,0,0,0,0,0,0,2ZXU|1|C
2zm5,1,141,611,5,821,7,7,0,0,0,0,0,0,0,0,0,0,0,0,0,0,0,0,0,0,0,0,2ZM5|1|D
{'NR_all_66484.2'},,,,,,,,,,,,,,,,,,,,,,,,,,,,
3hhn,1,272,185,32,3380,26,34,0,0,0,0,0,0,0,0,0,0,0,0,0,0,0,0,0,0,0,0,3HHN|1|E
3hhn,1,272,185,32,3380,26,34,0,0,0,0,0,0,0,0,0,0,0,0,0,0,0,0,0,0,0,0,3HHN|1|C
{'NR_all_17495.1'},,,,,,,,,,,,,,,,,,,,,,,,,,,,
3ssf,1,25,0,3,136,0,3,0,0,0,0,0,0,0,0,0,0,0,0,0,0,0,0,0,0,0,0,3SSF|1|A
{'NR_all_34610.1'},,,,,,,,,,,,,,,,,,,,,,,,,,,,
364d,1,60,0,12,1167,0,12,0,0,0,0,0,0,0,0,0,0,0,0,0,0,0,0,0,0,0,0,364D|1|C+364D|1|B+364D|1|A
{'NR_all_76901.1'},,,,,,,,,,,,,,,,,,,,,,,,,,,,
5btp,1,122,0,12,1427,0,12,0,1,0,0,0,0,0,0,0,0,0,0,0,0,0,0,0,0,0,0,5BTP|1|A
5btp,1,122,0,12,1427,0,12,0,1,0,0,0,0,0,0,0,0,0,0,0,0,0,0,0,0,0,0,5BTP|1|B
{'NR_all_52315.1'},,,,,,,,,,,,,,,,,,,,,,,,,,,,
4m4o,1,59,131,2,270,0,2,1,0,0,0,0,0,0,0,0,0,0,0,0,0,0,0,0,0,0,0,4M4O|1|B
{'NR_all_79446.1'},,,,,,,,,,,,,,,,,,,,,,,,,,,,
2g91,1,15,0,2,221,0,2,0,0,0,0,0,0,0,0,0,0,0,0,0,0,0,0,0,0,0,0,2G91|1|A+2G91|1|B
{'NR_all_83641.1'},,,,,,,,,,,,,,,,,,,,,,,,,,,,
4y1m,1,183,0,9,368,0,9,0,0,0,0,65,0,0,0,0,0,0,0,0,0,0,0,0,0,0,0,4Y1M|1|A
4y1m,1,183,0,9,368,0,9,0,0,0,0,65,0,0,0,0,0,0,0,0,0,0,0,0,0,0,0,4Y1M|1|B
{'NR_all_09715.1'},,,,,,,,,,,,,,,,,,,,,,,,,,,,
5ns4,1,62,284,3,627,85,7,0,0,0,0,0,0,0,0,0,0,0,0,0,0,0,0,0,0,0,0,5NS4|1|D
5ns4,1,62,284,3,627,85,7,0,0,0,0,0,0,0,0,0,0,0,0,0,0,0,0,0,0,0,0,5NS4|1|C
{'NR_all_55153.1'},,,,,,,,,,,,,,,,,,,,,,,,,,,,
3fs0,1,19,0,5,416,0,5,0,0,0,0,0,0,0,0,0,0,0,0,0,0,0,0,0,0,0,0,3FS0|1|B+3FS0|1|A
{'NR_all_49785.2'},,,,,,,,,,,,,,,,,,,,,,,,,,,,
1l9a,1,125,87,22,1643,21,24,0,0,0,0,0,0,0,0,0,0,0,0,0,0,0,0,0,0,0,0,1L9A|1|B
{'NR_all_17726.1'},,,,,,,,,,,,,,,,,,,,,,,,,,,,
2q1r,1,11,0,2,171,0,2,0,0,0,0,0,0,0,0,0,0,0,0,0,0,0,0,0,0,0,0,2Q1R|1|A
{'NR_all_47433.1'},,,,,,,,,,,,,,,,,,,,,,,,,,,,
3v7e,1,250,160,22,2089,0,22,0,0,0,0,0,0,0,0,18,0,0,0,0,0,0,0,0,0,0,0,3V7E|1|D
3v7e,1,250,160,22,2089,0,22,0,0,0,0,0,0,0,0,18,0,0,0,0,0,0,0,0,0,0,0,3V7E|1|C
{'NR_all_91105.1'},,,,,,,,,,,,,,,,,,,,,,,,,,,,
4oog,1,34,485,1,159,86,4,0,0,0,0,0,0,0,0,0,0,0,0,0,0,0,0,0,0,0,0,4OOG|1|D
{'NR_all_50890.1'},,,,,,,,,,,,,,,,,,,,,,,,,,,,
3jxq,1,20,0,4,340,0,4,0,0,0,0,0,0,0,0,0,0,0,0,0,0,0,0,0,0,0,0,3JXQ|1|L+3JXQ|1|K
3jxq,1,20,0,4,340,0,4,0,0,0,0,0,0,0,0,0,0,0,0,0,0,0,0,0,0,0,0,3JXQ|1|B+3JXQ|1|A
{'NR_all_29848.1'},,,,,,,,,,,,,,,,,,,,,,,,,,,,
3dil,1,174,1,1,102,0,1,29,3,0,0,0,0,0,0,0,0,0,0,0,0,0,0,0,0,0,0,3DIL|1|A
{'NR_all_30433.1'},,,,,,,,,,,,,,,,,,,,,,,,,,,,
5ew4,1,39,0,2,219,0,2,0,9,0,0,1,0,0,0,0,0,0,0,0,0,0,0,0,0,0,0,5EW4|1|B+5EW4|1|A
5ew7,1,39,0,4,392,0,4,0,4,0,0,0,0,0,0,0,0,0,0,0,0,1,0,0,0,0,0,5EW7|1|B+5EW7|1|A
{'NR_all_18854.1'},,,,,,,,,,,,,,,,,,,,,,,,,,,,
5mga,1,76,1180,1,256,6,2,0,0,0,0,0,0,0,0,0,0,0,0,0,0,0,0,0,0,0,0,5MGA|1|B
{'NR_all_13358.1'},,,,,,,,,,,,,,,,,,,,,,,,,,,,
1n32,1,1528,2389,120,19041,278,158,0,0,0,2,0,0,0,0,0,0,0,0,0,0,0,0,0,0,0,0,1N32|1|Y+1N32|1|Z
{'NR_all_73165.2'},,,,,,,,,,,,,,,,,,,,,,,,,,,,
1drz,1,71,98,3,238,0,3,0,0,0,0,0,0,0,0,0,0,0,0,0,0,0,0,0,0,0,0,1DRZ|1|B
1sj3,1,72,95,1,256,1,2,0,0,0,0,0,0,0,0,0,0,0,0,0,0,0,0,0,0,0,0,1SJ3|1|R
{'NR_all_62367.1'},,,,,,,,,,,,,,,,,,,,,,,,,,,,
1mji,1,66,359,2,290,80,4,0,2,0,0,0,0,0,0,0,0,0,0,0,0,0,0,0,0,0,0,1MJI|1|D
1mji,1,66,359,2,290,80,4,0,2,0,0,0,0,0,0,0,0,0,0,0,0,0,0,0,0,0,0,1MJI|1|C
{'NR_all_63943.1'},,,,,,,,,,,,,,,,,,,,,,,,,,,,
354d,1,22,0,5,552,0,5,0,0,0,0,0,0,0,0,0,0,0,0,0,0,0,0,0,0,0,0,354D|1|A+354D|1|B
{'NR_all_56118.6'},,,,,,,,,,,,,,,,,,,,,,,,,,,,
6aso,1,69,907,2,161,0,2,0,2,1,0,0,0,0,0,0,0,0,0,0,0,0,0,0,0,0,0,6ASO|1|I
{'NR_all_33278.1'},,,,,,,,,,,,,,,,,,,,,,,,,,,,
5lyv,1,125,0,1,104,0,1,0,0,0,0,0,0,0,0,0,0,0,0,0,0,0,0,0,0,0,0,5LYV|1|A
5lys,1,129,0,1,97,0,1,1,0,0,0,0,0,0,0,0,0,0,0,0,0,0,0,0,0,2,0,5LYS|1|B
5lyu,1,126,0,1,101,0,1,1,0,0,0,0,0,0,0,0,0,0,0,0,0,0,0,0,0,0,0,5LYU|1|A
5lyv,1,125,0,1,104,0,1,0,0,0,0,0,0,0,0,0,0,0,0,0,0,0,0,0,0,0,0,5LYV|1|B
5lys,1,129,0,1,97,0,1,1,0,0,0,0,0,0,0,0,0,0,0,0,0,0,0,0,0,2,0,5LYS|1|A
5lyu,1,126,0,1,101,0,1,1,0,0,0,0,0,0,0,0,0,0,0,0,0,0,0,0,0,0,0,5LYU|1|B
{'NR_all_68259.1'},,,,,,,,,,,,,,,,,,,,,,,,,,,,
5une,1,94,0,2,186,0,2,0,0,0,0,0,0,0,0,0,0,0,0,0,0,0,0,0,0,0,0,5UNE|1|A+5UNE|1|B
{'NR_all_80828.1'},,,,,,,,,,,,,,,,,,,,,,,,,,,,
4ts2,1,89,0,1,114,0,1,0,3,0,0,0,0,0,0,0,0,0,0,0,0,0,0,0,0,0,0,4TS2|1|Y+4TS2|1|X
{'NR_all_73746.1'},,,,,,,,,,,,,,,,,,,,,,,,,,,,
2oe5,1,31,0,2,153,0,2,0,0,0,0,0,0,0,0,0,0,0,0,0,0,0,0,0,0,0,0,2OE5|1|B+2OE5|1|A
{'NR_all_36129.1'},,,,,,,,,,,,,,,,,,,,,,,,,,,,
2val,1,24,0,1,76,0,1,0,0,0,0,0,0,0,0,0,0,0,0,0,0,0,0,0,0,0,0,2VAL|1|A+2VAL|1|C
2val,1,24,0,1,76,0,1,0,0,0,0,0,0,0,0,0,0,0,0,0,0,0,0,0,0,0,0,2VAL|1|B+2VAL|1|D
{'NR_all_88154.1'},,,,,,,,,,,,,,,,,,,,,,,,,,,,
4rum,1,92,0,2,125,0,2,0,7,0,0,1,0,0,0,4,0,0,0,0,0,0,0,0,0,0,0,4RUM|1|A
{'NR_all_30439.1'},,,,,,,,,,,,,,,,,,,,,,,,,,,,
3egz,1,65,91,11,1116,7,12,0,0,0,0,0,0,0,0,0,0,0,0,0,0,0,0,0,0,0,0,3EGZ|1|B
{'NR_all_31222.1'},,,,,,,,,,,,,,,,,,,,,,,,,,,,
5fjc,1,96,1,2,194,0,2,1,4,0,0,0,0,0,0,0,0,0,0,0,0,21,0,0,0,0,0,5FJC|1|A
{'NR_all_24819.2'},,,,,,,,,,,,,,,,,,,,,,,,,,,,
2tra,1,79,0,1,96,0,1,0,0,0,0,0,0,0,0,0,0,0,0,0,0,0,0,0,0,0,0,2TRA|1|A
3tra,1,72,0,1,93,0,1,0,0,0,0,0,0,0,0,0,0,0,0,0,0,0,0,0,0,0,0,3TRA|1|A
{'NR_all_89429.3'},,,,,,,,,,,,,,,,,,,,,,,,,,,,
3gao,1,66,0,1,108,0,1,0,0,0,0,0,0,0,0,13,0,0,0,0,0,0,0,0,0,0,0,3GAO|1|A
{'NR_all_86202.1'},,,,,,,,,,,,,,,,,,,,,,,,,,,,
5m0i,1,54,961,1,116,198,6,0,0,0,0,0,0,0,0,0,0,0,0,0,0,0,0,0,0,0,0,5M0I|1|F
{'NR_all_90603.1'},,,,,,,,,,,,,,,,,,,,,,,,,,,,
5m0i,1,54,961,1,116,198,6,0,0,0,0,0,0,0,0,0,0,0,0,0,0,0,0,0,0,0,0,5M0I|1|E
{'NR_all_40252.1'},,,,,,,,,,,,,,,,,,,,,,,,,,,,
2qus,1,136,0,16,1550,0,16,0,0,0,0,0,0,0,0,0,0,0,0,0,0,0,0,0,0,0,0,2QUS|1|A
2qus,1,136,0,16,1550,0,16,0,0,0,0,0,0,0,0,0,0,0,0,0,0,0,0,0,0,0,0,2QUS|1|B
{'NR_all_68428.1'},,,,,,,,,,,,,,,,,,,,,,,,,,,,
1d4r,1,84,0,5,339,0,5,0,0,0,0,0,0,0,0,0,0,0,0,0,0,0,0,0,0,0,0,1D4R|1|B+1D4R|1|A
1d4r,1,84,0,5,339,0,5,0,0,0,0,0,0,0,0,0,0,0,0,0,0,0,0,0,0,0,0,1D4R|1|C
{'NR_all_26998.1'},,,,,,,,,,,,,,,,,,,,,,,,,,,,
1kxk,1,69,0,2,85,0,2,0,0,0,0,0,0,0,0,0,0,0,0,0,0,0,0,0,0,0,0,1KXK|1|A
{'NR_all_08420.1'},,,,,,,,,,,,,,,,,,,,,,,,,,,,
2a43,1,25,0,2,236,0,2,0,0,0,0,0,0,0,0,0,0,0,0,0,0,0,0,0,0,0,0,2A43|1|A
{'NR_all_30317.1'},,,,,,,,,,,,,,,,,,,,,,,,,,,,
4rwn,1,36,350,1,292,57,4,0,0,0,0,0,0,0,0,0,0,0,0,0,0,0,0,0,0,0,0,4RWN|1|B+4RWN|1|C
{'NR_all_75310.1'},,,,,,,,,,,,,,,,,,,,,,,,,,,,
6cu1,1,79,0,1,112,0,1,0,0,0,0,0,0,0,0,0,0,0,0,0,0,0,0,0,0,0,0,6CU1|1|A
{'NR_all_63265.1'},,,,,,,,,,,,,,,,,,,,,,,,,,,,
3la5,1,71,0,10,818,0,10,0,0,0,0,0,0,0,0,0,0,0,0,0,0,0,0,0,0,0,0,3LA5|1|A
{'NR_all_59905.1'},,,,,,,,,,,,,,,,,,,,,,,,,,,,
6dta,1,17,654,2,239,5,3,0,0,0,0,0,0,0,0,0,0,0,0,0,0,0,0,0,0,0,0,6DTA|1|D
{'NR_all_74849.1'},,,,,,,,,,,,,,,,,,,,,,,,,,,,
1mms,1,114,203,18,2253,10,19,0,0,0,0,0,8,0,0,0,0,0,0,0,0,0,0,0,0,0,0,1MMS|1|C
1mms,1,114,203,18,2253,10,19,0,0,0,0,0,8,0,0,0,0,0,0,0,0,0,0,0,0,0,0,1MMS|1|D
{'NR_all_74199.1'},,,,,,,,,,,,,,,,,,,,,,,,,,,,
1ntb,1,38,0,1,87,0,1,2,0,0,0,0,0,0,0,0,0,0,0,0,0,0,0,0,0,0,0,1NTB|1|A+1NTB|1|B
{'NR_all_26582.1'},,,,,,,,,,,,,,,,,,,,,,,,,,,,
4k27,1,55,0,3,290,0,3,0,0,0,0,0,0,0,0,0,0,0,0,0,0,0,0,0,0,0,0,4K27|1|U
{'NR_all_86272.1'},,,,,,,,,,,,,,,,,,,,,,,,,,,,
3mei,1,44,0,5,549,0,5,0,0,0,0,0,0,0,0,0,0,0,0,0,0,0,0,0,0,0,0,3MEI|1|A+3MEI|1|B